"ID","Escuela","grado","age","sex","parent_ed4","fas3","ses_auto","fruta","beb_azuc","af_hasta2h","conectiv_i","salud_auto"
1001,"PRIV-MEDIO","1",12,"Masculino",3,"alto",4,"no","sí","no",1.4000001,4
1002,"PRIV-MEDIO","1",13,"Femenino",3,"alto",5,"no","no","sí",2.2,4
1003,"PRIV-MEDIO","1",12,"Femenino",2,"bajo",5,"no","sí","no",1.5999999,4
1004,"PRIV-MEDIO","1",13,"Femenino",3,"alto",8,"sí","no","sí",2,4
1005,"PRIV-MEDIO","1",13,"Masculino",2,"medio",7,"sí","no","no",2,5
1006,"PRIV-MEDIO","1",12,"Femenino",3,"alto",10,"sí","no","sí",2.5999999,4
1007,"PRIV-MEDIO","1",12,"Femenino",4,"alto",8,"no","no","no",2,3
1008,"PRIV-MEDIO","1",13,"Femenino",4,"medio",10,"no","no","no",1.5999999,5
1009,"PRIV-MEDIO","1",12,"Masculino",3,"medio",7,"no","no","no",1.1999998,2
1010,"PRIV-MEDIO","1",13,"Femenino",2,"bajo",4,"no","sí","sí",2.2,3
1011,"PRIV-MEDIO","1",12,"Femenino",3,"medio",5,"no","sí","no",2.4000001,3
1012,"PRIV-MEDIO","1",12,"Femenino",3,"alto",7,"sí","sí","no",2.4000001,3
1013,"PRIV-MEDIO","1",13,"Masculino",3,"medio",7,"no","no","no",3,4
1014,"PRIV-MEDIO","1",12,"Femenino",2,"medio",4,"no","sí","no",1.8000002,3
1015,"PRIV-MEDIO","1",13,"Masculino",3,"medio",7,"no","no","no",1,2
1016,"PRIV-MEDIO","1",13,"Femenino",2,"medio",5,"no","sí","no",1,3
1017,"PRIV-MEDIO","1",13,"Masculino",3,"bajo",7,"sí","sí","no",1.8000002,4
1018,"PRIV-MEDIO","1",13,"Femenino",3,"alto",8,"sí","no","no",2.8,2
1019,"PRIV-MEDIO","1",12,"Femenino",3,"medio",8,"no","no","sí",2,4
1020,"PRIV-MEDIO","1",12,"Masculino",3,"medio",7,"no","sí","no",1.8000002,4
1021,"PRIV-MEDIO","1",12,"Femenino",3,"medio",9,"sí","sí","sí",1.4000001,3
1022,"PRIV-MEDIO","1",13,"Femenino",1,"alto",8,"no","no","no",1.8000002,4
1023,"PRIV-MEDIO","1",12,"Femenino",3,"medio",10,"sí","no","no",2.5999999,3
1024,"PRIV-MEDIO","1",12,"Masculino",3,"medio",4,"no","no","sí",1.5999999,4
1025,"PRIV-MEDIO","1",12,"Masculino",3,"medio",5,"sí","sí","no",2,3
1026,"PRIV-MEDIO","1",12,"Masculino",2,"medio",5,"no","no","no",2,5
1027,"PRIV-MEDIO","1",13,"Masculino",3,"medio",8,"no","sí","no",1.4000001,3
1028,"PRIV-MEDIO","1",12,"Femenino",2,"medio",8,"no","sí","sí",2.5999999,3
1029,"PRIV-MEDIO","1",12,"Femenino",3,"alto",8,"no","no","no",2.8,4
1101,"PRIV-MEDIO","1",12,"Masculino",3,"medio",5,"no","no","sí",1.8000002,3
1102,"PRIV-MEDIO","1",12,"Femenino",2,"bajo",7,"no","sí","no",2.5999999,3
1103,"PRIV-MEDIO","1",12,"Femenino",3,"medio",5,"no","no","no",1.1999998,5
1104,"PRIV-MEDIO","1",12,"Masculino",3,"bajo",8,"no","sí","no",1.5999999,4
1105,"PRIV-MEDIO","1",13,"Masculino",1,"medio",7,"no","no","sí",1,3
1106,"PRIV-MEDIO","1",13,"Femenino",2,"medio",7,"no","no","sí",1,5
1107,"PRIV-MEDIO","1",12,"Femenino",2,"bajo",6,"no","no","no",1.4000001,5
1108,"PRIV-MEDIO","1",12,"Masculino",3,"alto",9,"no","sí","no",5,3
1109,"PRIV-MEDIO","1",12,"Masculino",3,"alto",7,"sí","no","no",1.8000002,4
1110,"PRIV-MEDIO","1",12,"Masculino",2,"medio",8,"no","no","no",2,3
1111,"PRIV-MEDIO","1",12,"Femenino",4,"medio",4,"no","no","sí",2,4
1112,"PRIV-MEDIO","1",12,"Femenino",3,"alto",5,"no","no","no",1.4000001,3
1113,"PRIV-MEDIO","1",12,"Femenino",3,"medio",6,"no","sí","no",1.4000001,2
1114,"PRIV-MEDIO","1",12,"Femenino",4,"bajo",6,"no","sí","no",2.5999999,4
1115,"PRIV-MEDIO","1",12,"Femenino",2,"medio",8,"no","sí","no",1.4000001,3
1116,"PRIV-MEDIO","1",14,"Masculino",2,"alto",5,"no","sí","sí",1,3
1117,"PRIV-MEDIO","1",12,"Masculino",2,"medio",8,"no","no","no",1.8000002,3
1118,"PRIV-MEDIO","1",13,"Masculino",2,"bajo",8,"no","sí","no",1.4000001,4
1119,"PRIV-MEDIO","1",12,"Femenino",2,"bajo",3,"no","sí","sí",2.2,3
1120,"PRIV-MEDIO","1",13,"Masculino",1,"medio",6,"no","sí","sí",2,4
1121,"PRIV-MEDIO","1",12,"Masculino",3,"medio",8,"no","sí","no",1.4000001,4
1122,"PRIV-MEDIO","1",12,"Masculino",3,"medio",6,"no","no","no",2.2,2
1123,"PRIV-MEDIO","1",12,"Femenino",2,"bajo",5,"no","no","no",1.5999999,4
1124,"PRIV-MEDIO","1",13,"Femenino",3,"alto",8,"no","no","no",2.4000001,3
1125,"PRIV-MEDIO","1",12,"Femenino",3,"medio",5,"no","sí","no",2.4000001,5
1126,"PRIV-MEDIO","1",12,"Femenino",2,"medio",5,"no","sí","no",1,4
1127,"PRIV-MEDIO","1",12,"Femenino",3,"medio",6,"no","no","sí",2.4000001,3
1128,"PRIV-MEDIO","1",12,"Femenino",2,"medio",8,"no","no","no",1.8000002,2
1129,"PRIV-MEDIO","1",12,"Masculino",3,"alto",5,"sí","no","no",1.1999998,5
1130,"PRIV-MEDIO","1",12,"Masculino",3,"medio",4,"no","sí","no",1,3
1131,"PRIV-MEDIO","1",12,"Masculino",2,"medio",6,"no","sí","sí",1.5999999,3
1201,"PRIV-MEDIO","2",13,"Masculino",1,"alto",7,"no","sí","no",1.1999998,3
1202,"PRIV-MEDIO","2",13,"Femenino",2,"medio",5,"no","sí","no",3.2,5
1203,"PRIV-MEDIO","2",13,"Masculino",3,"alto",6,"no","no","no",1,3
1204,"PRIV-MEDIO","2",13,"Masculino",3,"alto",8,"no","sí","no",1.8000002,3
1205,"PRIV-MEDIO","2",13,"Femenino",2,"alto",7,"no","no","no",2.2,4
1206,"PRIV-MEDIO","2",14,"Masculino",3,"alto",9,"no","sí","no",2.8,4
1207,"PRIV-MEDIO","2",13,"Femenino",3,"medio",6,"no","sí","sí",1.4000001,4
1208,"PRIV-MEDIO","2",13,"Femenino",3,"medio",7,"sí","no","no",1.1999998,4
1209,"PRIV-MEDIO","2",13,"Masculino",2,"medio",6,"no","no","no",1.8000002,4
1210,"PRIV-MEDIO","2",13,"Masculino",3,"medio",8,"no","no","no",1.8000002,5
1211,"PRIV-MEDIO","2",13,"Femenino",2,"medio",5,"no","sí","sí",1,2
1212,"PRIV-MEDIO","2",13,"Masculino",2,"bajo",8,"no","sí","no",1.1999998,4
1213,"PRIV-MEDIO","2",13,"Femenino",1,"medio",7,"sí","no","no",2.8,3
1214,"PRIV-MEDIO","2",13,"Femenino",2,"medio",5,"no","sí","sí",1.1999998,3
1215,"PRIV-MEDIO","2",13,"Masculino",3,"alto",6,"no","no","no",1.1999998,4
1216,"PRIV-MEDIO","2",14,"Masculino",3,"medio",7,"no","sí","sí",2.2,2
1217,"PRIV-MEDIO","2",14,"Masculino",4,"medio",7,"sí","no","no",1.8000002,3
1218,"PRIV-MEDIO","2",13,"Femenino",2,"bajo",7,"no","sí","sí",1.4000001,3
1219,"PRIV-MEDIO","2",13,"Masculino",3,"medio",5,"sí","no","no",2,4
1220,"PRIV-MEDIO","2",14,"Masculino",2,"alto",7,"no","no","sí",2,5
1221,"PRIV-MEDIO","2",13,"Masculino",3,"alto",5,"no","no","no",1.1999998,5
1222,"PRIV-MEDIO","2",13,"Femenino",3,"medio",7,"no","sí","sí",1.4000001,3
1223,"PRIV-MEDIO","2",14,"Femenino",4,"alto",7,"no","no","no",2.5999999,4
1224,"PRIV-MEDIO","2",13,"Femenino",3,"alto",8,"no","no","no",3.4000001,3
1225,"PRIV-MEDIO","2",13,"Masculino",2,"alto",8,"no","sí","no",1,5
1226,"PRIV-MEDIO","2",13,"Masculino",2,"medio",6,"sí","sí","no",2.4000001,5
1227,"PRIV-MEDIO","2",13,"Masculino",3,"bajo",7,"no","sí","no",2.2,3
1301,"PRIV-MEDIO","2",14,"Femenino",4,"medio",6,"no","no","sí",2,1
1302,"PRIV-MEDIO","2",13,"Otro",1,"alto",9,"no","sí","no",1.8000002,5
1303,"PRIV-MEDIO","2",14,"Masculino",2,"bajo",6,"no","sí","no",1.1999998,3
1304,"PRIV-MEDIO","2",14,"Femenino",2,"medio",6,"no","sí","sí",1,5
1305,"PRIV-MEDIO","2",13,"Femenino",2,"medio",5,"sí","sí","no",1.4000001,2
1306,"PRIV-MEDIO","2",14,"Masculino",3,"bajo",7,"no","sí","no",2.2,5
1307,"PRIV-MEDIO","2",13,"Femenino",2,"medio",6,"no","no","no",1.5999999,4
1308,"PRIV-MEDIO","2",13,"Masculino",3,"medio",6,"no","no","no",1.1999998,3
1309,"PRIV-MEDIO","2",14,"Masculino",3,"medio",5,"sí","no","no",2,3
1310,"PRIV-MEDIO","2",14,"Masculino",3,"medio",5,"no","no","no",1.4000001,2
1311,"PRIV-MEDIO","2",14,"Femenino",4,"bajo",3,"no","no","no",2.2,3
1312,"PRIV-MEDIO","2",13,"Otro",3,"medio",3,"no","no","no",1.4000001,3
1313,"PRIV-MEDIO","2",14,"Femenino",3,"medio",8,"no","no","sí",1.8000002,2
1314,"PRIV-MEDIO","2",14,"Femenino",3,"medio",7,"no","no","no",2.4000001,3
1315,"PRIV-MEDIO","2",13,"Femenino",3,"medio",5,"no","sí","sí",1.4000001,3
1316,"PRIV-MEDIO","2",15,"Masculino",3,"medio",6,"no","no","sí",2,5
1317,"PRIV-MEDIO","2",13,"Femenino",3,"medio",3,"no","sí","no",2.4000001,3
1318,"PRIV-MEDIO","2",13,"Masculino",4,"alto",5,"no","sí","sí",1.5999999,3
1319,"PRIV-MEDIO","2",13,"Femenino",3,"alto",7,"no","sí","no",2,3
1320,"PRIV-MEDIO","2",13,"Masculino",3,"bajo",5,"no","sí","no",1.8000002,4
1321,"PRIV-MEDIO","2",14,"Femenino",2,"medio",6,"no","sí","no",1.8000002,4
1322,"PRIV-MEDIO","2",13,"Femenino",3,"medio",7,"no","no","sí",1.8000002,3
1323,"PRIV-MEDIO","2",13,"Masculino",2,"alto",9,"no","sí","no",1.4000001,4
1324,"PRIV-MEDIO","2",14,"Masculino",2,"medio",6,"no","sí","no",1.1999998,4
1325,"PRIV-MEDIO","2",13,"Masculino",3,"medio",8,"no","sí","no",1.5999999,4
1326,"PRIV-MEDIO","2",13,"Masculino",3,"alto",5,"no","sí","no",2.2,3
2001,"PUBL-ALTO","1",13,"Femenino",3,"medio",3,"no","no","no",2.8,2
2002,"PUBL-ALTO","1",13,"Femenino",3,"alto",7,"sí","no","no",2.2,4
2003,"PUBL-ALTO","1",12,"Masculino",3,"medio",6,"no","no","sí",2.8,3
2004,"PUBL-ALTO","1",12,"Femenino",4,"medio",7,"no","sí","sí",2,3
2005,"PUBL-ALTO","1",12,"Femenino",2,"bajo",7,"no","sí","no",2,2
2006,"PUBL-ALTO","1",14,"Masculino",2,"medio",6,"no","no","no",1,5
2007,"PUBL-ALTO","1",12,"Masculino",3,"medio",6,"sí","sí","no",1.8000002,4
2008,"PUBL-ALTO","1",13,"Masculino",2,"medio",6,"no","sí","no",4.2,5
2009,"PUBL-ALTO","1",12,"Masculino",2,"alto",8,"no","sí","no",2.5999999,2
2010,"PUBL-ALTO","1",13,"Femenino",1,"medio",5,"sí","sí","no",2.2,2
2011,"PUBL-ALTO","1",12,"Masculino",3,"medio",5,"no","no","no",2.5999999,5
2012,"PUBL-ALTO","1",14,"Femenino",2,"bajo",8,"no","sí","no",2.4000001,3
2013,"PUBL-ALTO","1",13,"Femenino",3,"alto",8,"no","no","sí",2.2,5
2014,"PUBL-ALTO","1",12,"Masculino",2,"bajo",10,"no","sí","sí",3,5
2015,"PUBL-ALTO","1",13,"Masculino",1,"medio",6,"no","no","no",2,4
2016,"PUBL-ALTO","1",13,"Masculino",2,"bajo",8,"no","sí","no",1.8000002,3
2017,"PUBL-ALTO","1",13,"Masculino",2,"alto",1,"no","sí","no",2.8,3
2018,"PUBL-ALTO","1",12,"Masculino",2,"medio",4,"no","sí","no",2.5999999,2
2019,"PUBL-ALTO","1",12,"Femenino",3,"bajo",6,"sí","no","no",2,3
2020,"PUBL-ALTO","1",13,"Masculino",3,"alto",7,"no","no","sí",1.1999998,5
2021,"PUBL-ALTO","1",13,"Masculino",3,"bajo",5,"no","sí","no",1,3
2022,"PUBL-ALTO","1",13,"Femenino",4,"medio",6,"no","sí","sí",4.2,4
2023,"PUBL-ALTO","1",13,"Femenino",4,"medio",6,"no","sí","no",4.2,4
2301,"PUBL-ALTO","1",13,"Masculino",4,"medio",8,"sí","no","sí",2,5
2302,"PUBL-ALTO","1",12,"Masculino",2,"medio",6,"sí","no","no",2.2,3
2303,"PUBL-ALTO","1",12,"Masculino",3,"alto",8,"sí","no","sí",2.2,4
2304,"PUBL-ALTO","1",12,"Femenino",3,"medio",6,"no","no","no",3,2
2305,"PUBL-ALTO","1",12,"Femenino",3,"alto",6,"no","no","no",1.4000001,2
2306,"PUBL-ALTO","1",12,"Masculino",3,"medio",6,"no","no","no",1,4
2307,"PUBL-ALTO","1",12,"Femenino",4,"medio",5,"no","no","no",3,2
2308,"PUBL-ALTO","1",13,"Masculino",3,"medio",7,"sí","no","no",2.4000001,2
2309,"PUBL-ALTO","1",13,"Femenino",2,"medio",6,"no","sí","no",4,2
2310,"PUBL-ALTO","1",13,"Femenino",4,"bajo",6,"sí","sí","no",3.5999999,2
2311,"PUBL-ALTO","1",12,"Femenino",4,"alto",6,"no","no","sí",3.8,2
2312,"PUBL-ALTO","1",12,"Femenino",3,"medio",5,"sí","sí","no",1.1999998,4
2313,"PUBL-ALTO","1",12,"Femenino",3,"bajo",5,"no","no","sí",1.4000001,3
2314,"PUBL-ALTO","1",12,"Masculino",2,"medio",6,"sí","sí","no",2.2,3
2315,"PUBL-ALTO","1",12,"Femenino",3,"medio",6,"no","no","sí",3,3
2316,"PUBL-ALTO","1",13,"Masculino",3,"alto",9,"no","no","no",1.4000001,3
2317,"PUBL-ALTO","1",12,"Masculino",4,"medio",3,"no","sí","sí",2.2,2
2318,"PUBL-ALTO","1",12,"Masculino",3,"medio",7,"no","sí","no",1,3
2319,"PUBL-ALTO","1",13,"Femenino",2,"medio",6,"no","no","no",2.5999999,4
2320,"PUBL-ALTO","1",13,"Femenino",3,"medio",6,"no","no","no",1,4
2321,"PUBL-ALTO","1",12,"Masculino",3,"alto",6,"no","sí","no",2,3
2322,"PUBL-ALTO","1",13,"Femenino",3,"alto",6,"no","sí","no",2.4000001,3
2323,"PUBL-ALTO","1",13,"Masculino",2,"medio",1,"no","no","no",1,2
2324,"PUBL-ALTO","1",12,"Masculino",2,"bajo",6,"no","sí","sí",1,2
2325,"PUBL-ALTO","1",13,"Femenino",2,"bajo",2,"no","sí","no",1,3
2401,"PUBL-ALTO","1",12,"Femenino",3,"medio",9,"no","sí","no",2.2,2
2402,"PUBL-ALTO","1",13,"Femenino",2,"medio",7,"no","no","no",3.4000001,2
2403,"PUBL-ALTO","1",13,"Femenino",4,"medio",8,"no","sí","sí",2.8,3
2404,"PUBL-ALTO","1",12,"Masculino",2,"bajo",5,"no","sí","sí",2.2,4
2405,"PUBL-ALTO","1",13,"Masculino",2,"alto",7,"no","no","no",2,3
2406,"PUBL-ALTO","1",12,"Femenino",2,"bajo",5,"no","no","no",1.8000002,3
2407,"PUBL-ALTO","1",12,"Masculino",2,"medio",7,"no","sí","no",2.4000001,3
2408,"PUBL-ALTO","1",12,"Masculino",2,"medio",8,"no","sí","sí",2.2,3
2409,"PUBL-ALTO","1",12,"Masculino",2,"bajo",8,"no","no","no",2.4000001,4
2410,"PUBL-ALTO","1",12,"Femenino",4,"medio",7,"no","sí","no",2,3
2411,"PUBL-ALTO","1",13,"Masculino",2,"medio",5,"no","sí","no",2.2,5
2412,"PUBL-ALTO","1",12,"Masculino",2,"bajo",6,NA,"sí","sí",2,2
2413,"PUBL-ALTO","1",13,"Femenino",2,"medio",8,"no","sí","sí",2.4000001,4
2414,"PUBL-ALTO","1",12,"Femenino",2,"medio",7,"sí","no","no",1.8000002,4
2415,"PUBL-ALTO","1",12,"Femenino",2,"medio",6,"no","no","no",1.5999999,4
2416,"PUBL-ALTO","1",12,"Femenino",3,"medio",8,"no","sí","no",1.5999999,5
2417,"PUBL-ALTO","1",12,"Femenino",4,"medio",5,"no","sí","no",2.4000001,2
2418,"PUBL-ALTO","1",12,"Masculino",2,"alto",8,"sí","sí","sí",2.4000001,3
2419,"PUBL-ALTO","1",13,"Femenino",3,"bajo",6,"no","no","sí",1.4000001,2
2420,"PUBL-ALTO","1",12,"Femenino",4,"alto",8,"no","no","no",3,2
2421,"PUBL-ALTO","1",12,"Masculino",3,"medio",6,"no","sí","no",2.4000001,5
2501,"PUBL-ALTO","1",13,"Femenino",3,"bajo",7,"no","sí","no",2,2
2502,"PUBL-ALTO","1",12,"Masculino",1,"medio",6,"sí","sí","no",1.8000002,3
2503,"PUBL-ALTO","1",12,"Femenino",4,"medio",8,"no","no","sí",2.4000001,2
2504,"PUBL-ALTO","1",12,"Masculino",2,"medio",10,"no","sí","sí",2.2,3
2505,"PUBL-ALTO","1",12,"Masculino",3,"medio",7,"no","sí","no",1.5999999,3
2506,"PUBL-ALTO","1",13,"Masculino",4,"medio",6,"no","no","sí",4.2,2
2507,"PUBL-ALTO","1",12,"Otro",3,"medio",7,"no","sí","no",3.4000001,3
2508,"PUBL-ALTO","1",12,"Femenino",2,"alto",6,"no","no","no",2,3
2509,"PUBL-ALTO","1",13,"Femenino",3,"alto",7,"no","sí","no",1.1999998,3
2510,"PUBL-ALTO","1",13,"Masculino",2,"bajo",5,"no","no","no",2.2,5
2511,"PUBL-ALTO","1",12,"Femenino",2,"medio",7,"sí","no","no",2.4000001,3
2512,"PUBL-ALTO","1",13,"Femenino",2,"bajo",5,"no","sí","no",1.5999999,5
2513,"PUBL-ALTO","1",12,"Masculino",2,"medio",5,"no","sí","no",1.5999999,5
2514,"PUBL-ALTO","1",13,"Masculino",3,"medio",6,"no","sí","no",1.5999999,4
2515,"PUBL-ALTO","1",12,"Femenino",3,"bajo",5,"no","sí","sí",2.2,4
2516,"PUBL-ALTO","1",13,"Masculino",4,"bajo",7,"no","no","sí",1,5
2517,"PUBL-ALTO","1",13,"Masculino",2,"medio",4,"no","no","sí",2.2,3
2518,"PUBL-ALTO","1",13,"Femenino",3,"alto",6,"no","sí","no",2.2,3
2519,"PUBL-ALTO","1",12,"Femenino",4,"bajo",5,"no","no","sí",2.2,4
2520,"PUBL-ALTO","1",12,"Femenino",2,"alto",7,"no","no","no",2.2,3
2521,"PUBL-ALTO","1",13,"Masculino",4,"medio",5,"no","sí","no",2,3
2522,"PUBL-ALTO","1",12,"Femenino",3,"medio",2,"sí","sí","no",2,2
2601,"PUBL-ALTO","1",12,"Femenino",4,"medio",7,"sí","sí","sí",1.1999998,5
2602,"PUBL-ALTO","1",12,"Masculino",2,"bajo",5,"no","no","sí",2,5
2603,"PUBL-ALTO","1",12,"Masculino",2,"medio",6,"no","no","sí",3,NA
2604,"PUBL-ALTO","1",12,"Masculino",4,NA,NA,"no","no","sí",NA,NA
2605,"PUBL-ALTO","1",13,"Masculino",3,"medio",7,"no","no","no",3.2,5
2606,"PUBL-ALTO","1",12,"Masculino",2,"medio",6,"no","no","no",1.8000002,4
2607,"PUBL-ALTO","1",13,"Femenino",4,"bajo",8,"no","no","sí",2,3
2608,"PUBL-ALTO","1",13,"Masculino",3,"alto",6,"no","no","no",1,5
2609,"PUBL-ALTO","1",14,"Masculino",3,"alto",8,"no","no","sí",1.5999999,5
2610,"PUBL-ALTO","1",12,"Masculino",3,"medio",10,"no","no","no",1.8000002,5
2611,"PUBL-ALTO","1",13,"Masculino",3,"medio",8,"sí","sí","no",2,3
2612,"PUBL-ALTO","1",12,"Femenino",3,"medio",9,"no","sí","sí",2,3
2613,"PUBL-ALTO","1",13,"Femenino",3,"medio",5,"no","no","no",2,3
2614,"PUBL-ALTO","1",13,"Masculino",4,"medio",7,"no","no","no",2.8,5
2615,"PUBL-ALTO","1",13,"Femenino",3,"bajo",5,"no","sí","sí",3.2,2
2616,"PUBL-ALTO","1",12,"Femenino",1,"medio",7,"no","no","sí",2.4000001,2
2617,"PUBL-ALTO","1",12,"Femenino",3,"alto",9,"no","no","sí",1.5999999,3
2618,"PUBL-ALTO","1",12,"Femenino",4,"medio",5,"sí","no","no",3.2,3
2619,"PUBL-ALTO","1",13,"Masculino",3,"medio",10,"no","no","no",1.1999998,5
2620,"PUBL-ALTO","1",12,"Femenino",3,"bajo",5,"no","no","sí",2.8,3
2621,"PUBL-ALTO","1",13,"Masculino",4,"alto",7,"no","sí","no",2.4000001,3
2622,"PUBL-ALTO","1",13,"Masculino",3,"medio",7,"no","no","no",1,4
2623,"PUBL-ALTO","1",13,"Masculino",3,"alto",7,"no","no","no",1.4000001,5
2624,"PUBL-ALTO","1",12,"Femenino",2,"medio",5,"no","sí","sí",2.5999999,3
2625,"PUBL-ALTO","1",12,"Femenino",3,"bajo",4,"sí","sí","no",3.4000001,2
2626,"PUBL-ALTO","1",13,"Masculino",2,"medio",7,"no","sí","no",1,3
2701,"PUBL-ALTO","2",13,"Masculino",1,"medio",6,"no","sí","sí",2.2,3
2702,"PUBL-ALTO","2",15,"Femenino",2,"bajo",6,"no","sí","sí",2.2,2
2703,"PUBL-ALTO","2",15,"Masculino",2,"alto",6,"no","no","no",1.8000002,5
2704,"PUBL-ALTO","2",13,"Masculino",2,"medio",10,"no","no","no",2.4000001,5
2705,"PUBL-ALTO","2",14,"Masculino",2,"medio",5,"no","sí","no",2.8,1
2706,"PUBL-ALTO","2",13,"Masculino",3,"medio",7,"no","no","sí",2,2
2707,"PUBL-ALTO","2",13,"Femenino",2,"medio",6,"no","no","sí",3,3
2708,"PUBL-ALTO","2",14,"Femenino",3,"bajo",5,"no","sí","no",1,3
2709,"PUBL-ALTO","2",14,"Femenino",1,"medio",7,"no","no","sí",1.5999999,4
2710,"PUBL-ALTO","2",14,"Femenino",1,"medio",7,"no","sí","no",2.5999999,2
2711,"PUBL-ALTO","2",13,"Femenino",3,"medio",5,"no","sí","no",3,3
2712,"PUBL-ALTO","2",13,"Femenino",3,"medio",6,"no","no","no",1,3
2713,"PUBL-ALTO","2",14,"Femenino",3,"medio",7,"no","no","no",2,3
2714,"PUBL-ALTO","2",13,"Femenino",3,"medio",5,"no","sí","no",3.2,2
2715,"PUBL-ALTO","2",14,"Femenino",3,"alto",6,"no","no","no",3,4
2716,"PUBL-ALTO","2",13,"Masculino",3,"bajo",6,"no","sí","no",1,3
2717,"PUBL-ALTO","2",13,"Masculino",3,"medio",7,"sí","no","no",2.8,5
2718,"PUBL-ALTO","2",14,"Femenino",3,"medio",4,"no","sí","no",3.2,2
2719,"PUBL-ALTO","2",13,"Femenino",3,"bajo",5,"no","no","no",3.5999999,4
2720,"PUBL-ALTO","2",13,"Masculino",2,"medio",7,"no","no","no",1.1999998,4
2721,"PUBL-ALTO","2",13,"Femenino",2,"medio",7,"sí","sí","sí",1.5999999,5
2722,"PUBL-ALTO","2",13,"Masculino",2,"alto",8,"no","no","no",1,5
2801,"PUBL-ALTO","2",13,"Femenino",3,"bajo",4,"no","sí","sí",1.8000002,3
2802,"PUBL-ALTO","2",14,"Masculino",3,"bajo",5,"no","sí","no",1.8000002,3
2803,"PUBL-ALTO","2",14,"Femenino",4,"bajo",3,"no","no","sí",3.4000001,3
2804,"PUBL-ALTO","2",14,"Femenino",2,"medio",7,"no","sí","no",2.2,3
2805,"PUBL-ALTO","2",14,"Masculino",3,"alto",8,"no","no","sí",2.8,3
2806,"PUBL-ALTO","2",13,"Femenino",2,"bajo",5,"no","sí","no",1.8000002,4
2807,"PUBL-ALTO","2",14,"Masculino",2,"medio",5,"no","no","no",2.5999999,2
2808,"PUBL-ALTO","2",13,"Femenino",4,"medio",7,"no","sí","no",2,2
2809,"PUBL-ALTO","2",13,"Masculino",4,"medio",8,"no","no","sí",3,3
2810,"PUBL-ALTO","2",15,"Masculino",4,"medio",3,"no","sí","no",2.5999999,2
2811,"PUBL-ALTO","2",13,"Femenino",2,"medio",5,"no","sí","sí",2.2,1
2812,"PUBL-ALTO","2",13,"Masculino",2,"bajo",5,"no","no","no",2.4000001,3
2813,"PUBL-ALTO","2",13,"Femenino",2,"medio",6,"no","sí","sí",2.8,3
2814,"PUBL-ALTO","2",13,"Femenino",3,"medio",8,"no","sí","no",1.4000001,2
2815,"PUBL-ALTO","2",13,"Femenino",2,"medio",4,"sí","no","no",2.4000001,3
2816,"PUBL-ALTO","2",13,"Femenino",4,"medio",2,"no","sí","sí",1,4
2817,"PUBL-ALTO","2",13,"Masculino",2,"medio",5,"no","sí","no",2,4
2818,"PUBL-ALTO","2",13,"Femenino",4,"bajo",5,"no","sí","no",2.5999999,2
2819,"PUBL-ALTO","2",14,"Femenino",2,"bajo",5,"no","no","sí",2.8,2
2820,"PUBL-ALTO","2",14,"Masculino",2,"medio",5,"no","sí","no",2.4000001,5
2821,"PUBL-ALTO","2",13,"Masculino",2,"bajo",5,"no","sí","no",1,4
2822,"PUBL-ALTO","2",14,"Masculino",2,"medio",10,"no","no","sí",2,5
2823,"PUBL-ALTO","2",13,"Masculino",2,"medio",8,"no","no","no",1.8000002,5
2824,"PUBL-ALTO","2",13,"Femenino",3,"bajo",1,"no","no","sí",2,4
2825,"PUBL-ALTO","2",14,"Masculino",3,"medio",4,"no","no","no",2.4000001,5
2851,"PUBL-ALTO","2",13,"Masculino",3,"medio",9,"no","sí","sí",1.8000002,4
2852,"PUBL-ALTO","2",13,"Femenino",2,"medio",6,"sí","sí","sí",2,3
2853,"PUBL-ALTO","2",13,"Masculino",3,"bajo",6,"no","sí","no",1.4000001,4
2854,"PUBL-ALTO","2",13,"Femenino",4,"alto",7,"no","sí","sí",2.4000001,5
2855,"PUBL-ALTO","2",13,"Femenino",4,"medio",6,"no","no","no",2.2,2
2856,"PUBL-ALTO","2",13,"Femenino",3,"medio",5,"no","no","sí",2.2,3
2857,"PUBL-ALTO","2",13,"Masculino",3,"medio",3,"no","sí","no",2.2,2
2858,"PUBL-ALTO","2",13,"Masculino",3,"alto",7,"sí","no","no",2,5
2859,"PUBL-ALTO","2",13,"Femenino",2,"medio",8,"no","sí","no",2.2,2
2860,"PUBL-ALTO","2",13,"Femenino",2,"medio",6,"no","sí","no",2.2,1
2861,"PUBL-ALTO","2",14,"Femenino",1,"alto",8,"no","sí","sí",2.5999999,3
2862,"PUBL-ALTO","2",13,"Masculino",2,"medio",8,"sí","sí","no",2.2,3
2863,"PUBL-ALTO","2",13,"Femenino",3,"alto",6,"no","sí","sí",2,1
2864,"PUBL-ALTO","2",13,"Femenino",3,"medio",5,"no","no","no",3.2,3
2865,"PUBL-ALTO","2",13,"Masculino",3,"medio",6,"sí","no","no",2.5999999,3
2866,"PUBL-ALTO","2",13,"Masculino",3,"medio",8,"no","no","sí",1.4000001,3
2867,"PUBL-ALTO","2",13,"Masculino",3,"medio",8,"no","no","no",2.5999999,4
2868,"PUBL-ALTO","2",13,"Masculino",3,"medio",7,"no","sí","no",2.4000001,4
2869,"PUBL-ALTO","2",14,"Femenino",3,"bajo",5,"no","sí","sí",3.2,3
2870,"PUBL-ALTO","2",13,"Masculino",3,"medio",7,"sí","no","no",1.5999999,2
2871,"PUBL-ALTO","2",14,"Femenino",2,"medio",7,"no","sí","sí",2.8,2
2872,"PUBL-ALTO","2",14,"Femenino",3,"medio",8,"no","no","no",2.5999999,3
2873,"PUBL-ALTO","2",13,"Femenino",3,"medio",6,"no","sí","no",3.4000001,2
2874,"PUBL-ALTO","2",13,"Femenino",2,"bajo",8,"no","no","no",2.4000001,3
2875,"PUBL-ALTO","2",13,"Femenino",2,"medio",5,"sí","sí","no",1.8000002,3
2876,"PUBL-ALTO","2",13,"Masculino",3,"medio",6,"no","no","no",1.8000002,4
2877,"PUBL-ALTO","2",14,"Masculino",4,"bajo",5,"no","sí","no",1,3
2878,"PUBL-ALTO","2",15,"Masculino",3,"medio",6,"no","no","no",2.8,3
2901,"PUBL-ALTO","2",15,"Femenino",3,"medio",10,"no","sí","no",1.5999999,3
2902,"PUBL-ALTO","2",16,"Masculino",2,"medio",10,NA,"sí","no",1.8000002,5
2903,"PUBL-ALTO","2",14,"Masculino",2,"medio",9,"no","no","no",1,4
2904,"PUBL-ALTO","2",13,"Femenino",2,"bajo",7,"no","sí","sí",2.2,3
2905,"PUBL-ALTO","2",13,"Masculino",3,"medio",9,"no","no","no",2.5999999,3
2906,"PUBL-ALTO","2",14,"Masculino",3,"bajo",4,"no","no","no",3.4000001,1
2907,"PUBL-ALTO","2",14,"Femenino",4,"bajo",4,"no","sí","no",2.2,2
2908,"PUBL-ALTO","2",14,"Femenino",2,"medio",8,"no","sí","no",2.8,3
2909,"PUBL-ALTO","2",13,"Femenino",3,"bajo",8,"no","no","no",2.5999999,3
2910,"PUBL-ALTO","2",13,"Masculino",2,"medio",6,"no","no","no",1.5999999,4
2911,"PUBL-ALTO","2",13,"Masculino",4,"medio",7,"no","sí","no",1.4000001,3
2912,"PUBL-ALTO","2",13,"Masculino",2,"medio",7,"sí","sí","sí",1.4000001,4
2913,"PUBL-ALTO","2",14,"Femenino",2,"bajo",5,"no","no","sí",3,2
2914,"PUBL-ALTO","2",14,"Femenino",4,"medio",9,"no","sí","no",2.5999999,3
2915,"PUBL-ALTO","2",13,"Femenino",4,"bajo",6,"no","no","no",1.8000002,3
2916,"PUBL-ALTO","2",15,"Femenino",2,"medio",7,"no","sí","sí",3.2,2
2917,"PUBL-ALTO","2",14,"Femenino",2,"alto",6,"no","no","no",2.2,3
2918,"PUBL-ALTO","2",12,"Femenino",2,"bajo",6,"sí","no","no",1.8000002,3
2919,"PUBL-ALTO","2",13,"Femenino",2,"alto",7,"no","no","no",1.1999998,5
2920,"PUBL-ALTO","2",14,"Masculino",2,"bajo",4,"sí","no","no",2.5999999,5
2921,"PUBL-ALTO","2",13,"Femenino",3,"medio",5,"no","no","sí",2.2,4
2922,"PUBL-ALTO","2",14,"Femenino",3,"alto",5,"no","no","no",2,3
2923,"PUBL-ALTO","2",14,"Femenino",3,"medio",9,"sí","no","no",4,2
2924,"PUBL-ALTO","2",13,"Masculino",2,"medio",5,"no","sí","no",1,5
2925,"PUBL-ALTO","2",13,"Masculino",3,"alto",6,"no","no","no",2.4000001,3
2926,"PUBL-ALTO","2",13,"Femenino",3,"medio",5,"no","no","sí",3.5999999,2
2927,"PUBL-ALTO","2",15,"Masculino",2,"medio",9,"no","sí","no",1.4000001,3
2928,"PUBL-ALTO","2",13,"Femenino",4,"bajo",5,"no","sí","no",2.5999999,2
2929,"PUBL-ALTO","2",14,"Femenino",3,"medio",6,"no","no","no",2.2,3
2930,"PUBL-ALTO","2",13,"Masculino",2,"bajo",6,"sí","no","no",3.8,4
2951,"PUBL-ALTO","2",13,"Femenino",2,"bajo",5,"no","no","no",2,1
2952,"PUBL-ALTO","2",13,"Femenino",3,"medio",6,"no","no","no",2.4000001,4
2953,"PUBL-ALTO","2",13,"Masculino",1,"bajo",7,"no","no","no",2,3
2954,"PUBL-ALTO","2",13,"Masculino",2,"medio",6,"no","sí","sí",2,4
2955,"PUBL-ALTO","2",14,"Masculino",4,"medio",7,"no","no","sí",2.2,4
2956,"PUBL-ALTO","2",14,"Masculino",4,"alto",7,"sí","no","no",1.8000002,4
2957,"PUBL-ALTO","2",14,"Masculino",2,"bajo",7,"no","sí","no",2.4000001,3
2958,"PUBL-ALTO","2",13,"Masculino",3,"medio",7,"no","no","sí",3.5999999,3
2959,"PUBL-ALTO","2",13,"Masculino",3,"bajo",5,"sí","no","no",2.8,3
2960,"PUBL-ALTO","2",13,"Masculino",2,"medio",5,"no","sí","sí",2,3
2961,"PUBL-ALTO","2",15,"Femenino",4,"medio",6,"no","no","no",2.2,4
2962,"PUBL-ALTO","2",13,"Femenino",2,"alto",6,"no","no","sí",2.8,2
2963,"PUBL-ALTO","2",14,"Femenino",1,"medio",7,"no","sí","no",1,3
2964,"PUBL-ALTO","2",13,"Masculino",2,"bajo",2,"sí","no","sí",2.5999999,2
2965,"PUBL-ALTO","2",14,"Femenino",2,"medio",6,"no","sí","sí",1,3
2966,"PUBL-ALTO","2",13,"Femenino",4,"medio",5,"no","no","sí",1,3
2967,"PUBL-ALTO","2",13,"Femenino",2,"medio",7,"no","sí","sí",2.75,3
2968,"PUBL-ALTO","2",13,"Masculino",3,"medio",7,"no","sí","no",2.5999999,4
2969,"PUBL-ALTO","2",14,"Masculino",2,"bajo",6,"no","no","no",2,3
2970,"PUBL-ALTO","2",14,"Masculino",3,"bajo",7,"no","no","no",1.8000002,3
2971,"PUBL-ALTO","2",15,"Femenino",4,"medio",8,"no","sí","sí",2.4000001,5
2972,"PUBL-ALTO","2",14,"Masculino",2,"medio",7,"no","no","no",2.2,3
2973,"PUBL-ALTO","2",14,"Femenino",3,"alto",6,"sí","no","sí",1.8000002,4
2974,"PUBL-ALTO","2",15,"Masculino",3,"medio",9,"no","no","no",4,5
2975,"PUBL-ALTO","2",14,"Masculino",2,"medio",8,"no","no","no",1,2
2976,"PUBL-ALTO","2",13,"Femenino",3,"alto",7,"no","sí","no",1.8000002,4
2977,"PUBL-ALTO","2",14,"Femenino",3,"alto",8,"no","no","no",2,4
2978,"PUBL-ALTO","2",14,"Femenino",4,"medio",5,"no","no","no",1.8000002,3
3001,"PUBL-BAJO","1",13,"Masculino",2,"alto",8,"no","sí","no",2.2,1
3002,"PUBL-BAJO","1",13,"Masculino",3,"medio",7,"no","no","sí",3,5
3003,"PUBL-BAJO","1",12,"Femenino",1,"bajo",1,"no","sí","sí",2.5999999,3
3004,"PUBL-BAJO","1",12,"Masculino",2,"bajo",10,"no","no","no",2.5999999,5
3005,"PUBL-BAJO","1",13,"Masculino",4,"medio",8,"no","no","no",2.2,4
3006,"PUBL-BAJO","1",13,"Masculino",4,"bajo",5,"no","no","sí",2.5999999,5
3007,"PUBL-BAJO","1",12,"Masculino",2,"bajo",6,"no","sí","no",3.4000001,5
3008,"PUBL-BAJO","1",13,"Femenino",2,"bajo",3,"no","no","no",2.5999999,4
3009,"PUBL-BAJO","1",12,"Femenino",2,"alto",5,"no","no","no",4.6,3
3010,"PUBL-BAJO","1",13,"Masculino",4,"alto",4,"no","sí","sí",1.1999998,3
3011,"PUBL-BAJO","1",12,"Masculino",4,"medio",7,"no","sí","sí",3.8,3
3012,"PUBL-BAJO","1",12,"Femenino",2,"medio",7,"no","sí","no",4,2
3013,"PUBL-BAJO","1",13,"Femenino",3,"medio",7,"no","sí","sí",3.2,5
3014,"PUBL-BAJO","1",12,"Masculino",4,"medio",10,"no","no","sí",1,4
3015,"PUBL-BAJO","1",12,"Masculino",2,"medio",5,"sí","no","no",3.2,5
3016,"PUBL-BAJO","1",12,"Otro",3,"alto",8,"no","sí","no",2.2,4
3017,"PUBL-BAJO","1",13,"Masculino",3,"bajo",6,"sí","sí","no",3.4000001,3
3051,"PUBL-BAJO","1",13,"Femenino",1,"medio",9,"no","sí","sí",3.5999999,3
3052,"PUBL-BAJO","1",12,"Masculino",2,"medio",10,"no","no","sí",1,5
3053,"PUBL-BAJO","1",13,"Masculino",2,"bajo",5,"no","no","no",4,3
3054,"PUBL-BAJO","1",12,"Masculino",3,"bajo",4,"no","no","sí",1,5
3055,"PUBL-BAJO","1",12,"Masculino",3,"alto",7,"no","no","no",3,4
3056,"PUBL-BAJO","1",14,"Femenino",2,"bajo",5,"no","no","sí",2.4000001,2
3057,"PUBL-BAJO","1",13,"Masculino",2,"bajo",5,"no","sí","no",3,5
3058,"PUBL-BAJO","1",13,"Femenino",2,"medio",5,"no","no","sí",4,3
3059,"PUBL-BAJO","1",13,"Masculino",1,"bajo",5,"no","no","sí",2.5999999,3
3060,"PUBL-BAJO","1",13,"Femenino",2,"bajo",5,"no","no","sí",2.4000001,3
3061,"PUBL-BAJO","1",13,"Femenino",2,"medio",1,"no","no","sí",2.4000001,2
3062,"PUBL-BAJO","1",12,"Femenino",2,"bajo",9,"no","sí","no",4,2
3063,"PUBL-BAJO","1",12,"Masculino",1,"bajo",9,"sí","sí","no",2,4
3064,"PUBL-BAJO","1",13,"Femenino",2,"medio",8,"no","no","sí",2.4000001,5
3065,"PUBL-BAJO","1",12,"Masculino",2,"medio",6,"no","sí","no",2,5
3066,"PUBL-BAJO","1",12,"Masculino",2,"bajo",5,"sí","sí","no",3.4000001,4
3067,"PUBL-BAJO","1",13,"Masculino",1,"medio",10,"no","no","sí",1.4000001,5
3068,"PUBL-BAJO","1",12,"Femenino",3,"bajo",8,"sí","sí","sí",1.5999999,3
3069,"PUBL-BAJO","1",12,"Femenino",2,"bajo",8,"no","no","no",1.5999999,3
3070,"PUBL-BAJO","1",13,"Masculino",2,"medio",7,"sí","no","no",1.5999999,4
3101,"PUBL-BAJO","1",13,"Masculino",2,"bajo",8,"no","sí","no",1,5
3102,"PUBL-BAJO","1",13,"Masculino",4,"medio",5,"no","sí","no",1.75,4
3103,"PUBL-BAJO","1",12,"Femenino",4,"bajo",5,"no","no","no",2.5999999,3
3104,"PUBL-BAJO","1",12,"Femenino",2,"medio",7,"no","sí","no",1.5999999,4
3105,"PUBL-BAJO","1",12,"Masculino",2,"alto",6,"sí","no","no",1.8000002,3
3106,"PUBL-BAJO","1",12,"Femenino",2,"medio",7,"no","sí","no",1.5999999,3
3107,"PUBL-BAJO","1",12,"Femenino",2,"medio",6,"sí","sí","no",2.5999999,3
3108,"PUBL-BAJO","1",13,"Masculino",2,"alto",5,"no","no","no",2.2,5
3109,"PUBL-BAJO","1",12,"Femenino",2,"bajo",2,"no","sí","no",2.5999999,3
3110,"PUBL-BAJO","1",12,"Femenino",2,"medio",5,"no","no","sí",1.8000002,3
3111,"PUBL-BAJO","1",13,"Femenino",3,"medio",8,"no","sí","sí",2,2
3112,"PUBL-BAJO","1",12,"Femenino",2,"bajo",5,"no","no","no",2.8,1
3113,"PUBL-BAJO","1",12,"Femenino",1,"medio",8,"no","sí","sí",4.2,3
3114,"PUBL-BAJO","1",13,"Femenino",2,"medio",7,"no","sí","no",2.4000001,3
3115,"PUBL-BAJO","1",13,"Masculino",4,"medio",8,"no","sí","no",2.4000001,5
3116,"PUBL-BAJO","1",12,"Masculino",3,"medio",7,"no","sí","no",1.5999999,4
3117,"PUBL-BAJO","1",12,"Masculino",2,"bajo",7,"no","sí","no",2,3
3118,"PUBL-BAJO","1",14,"Femenino",2,"alto",8,"no","sí","sí",3.2,3
3119,"PUBL-BAJO","1",12,"Masculino",3,"alto",8,"no","sí","no",1.4000001,5
3151,"PUBL-BAJO","1",13,"Masculino",2,"medio",5,"no","sí","sí",1.4000001,5
3152,"PUBL-BAJO","1",12,"Masculino",2,"medio",7,"no","sí","sí",2.4000001,4
3153,"PUBL-BAJO","1",12,"Masculino",4,"medio",8,"no","sí","no",2.4000001,2
3154,"PUBL-BAJO","1",12,"Femenino",4,"bajo",7,"no","no","sí",3,3
3155,"PUBL-BAJO","1",13,"Femenino",4,"medio",7,"no","sí","sí",2.5999999,3
3156,"PUBL-BAJO","1",14,"Masculino",2,"alto",6,"no","sí","no",2.8,5
3157,"PUBL-BAJO","1",13,"Masculino",2,"medio",6,"sí","sí","no",2.8,5
3158,"PUBL-BAJO","1",12,"Masculino",2,"medio",8,"no","no","sí",2.4000001,3
3159,"PUBL-BAJO","1",14,"Masculino",4,"medio",5,"no","no","no",1,4
3160,"PUBL-BAJO","1",12,"Masculino",2,"bajo",6,"no","no","sí",2.2,5
3161,"PUBL-BAJO","1",12,"Femenino",2,"bajo",8,"no","sí","no",2.4000001,4
3162,"PUBL-BAJO","1",12,"Femenino",2,"medio",8,"sí","sí","no",2.5999999,4
3163,"PUBL-BAJO","1",12,"Masculino",1,"medio",5,"no","sí","sí",2.5999999,3
3201,"PUBL-BAJO","1",12,"Masculino",2,"bajo",5,"no","no","sí",2.4000001,2
3202,"PUBL-BAJO","1",12,"Femenino",3,"medio",6,"no","no","no",1,5
3203,"PUBL-BAJO","1",12,"Femenino",4,"bajo",7,"sí","sí","no",3.2,3
3204,"PUBL-BAJO","1",12,"",2,"bajo",6,"no","no","sí",1.4000001,3
3205,"PUBL-BAJO","1",13,"Masculino",2,"bajo",5,"no","no","sí",2.8,5
3206,"PUBL-BAJO","1",13,"Femenino",4,"bajo",9,"no","sí","sí",2.4000001,3
3207,"PUBL-BAJO","1",13,"Femenino",2,"bajo",9,"no","sí","sí",2.5999999,4
3208,"PUBL-BAJO","1",13,"Masculino",2,"medio",7,"no","no","no",1.8000002,3
3209,"PUBL-BAJO","1",13,"",3,"bajo",5,"no","no","no",3,5
3210,"PUBL-BAJO","1",13,"Masculino",2,"medio",8,"no","sí","no",1.4000001,3
3211,"PUBL-BAJO","1",13,"Femenino",2,"bajo",5,"no","sí","sí",2.4000001,3
3212,"PUBL-BAJO","1",13,"Masculino",2,"medio",5,"sí","sí","no",2.5999999,5
3213,"PUBL-BAJO","1",13,"Masculino",2,"medio",8,"no",NA,"no",1.4000001,3
3214,"PUBL-BAJO","1",14,"Masculino",2,"medio",5,"no","no","sí",2.8,3
3215,"PUBL-BAJO","1",13,"Femenino",4,"bajo",5,"sí","sí","no",1.5999999,4
3216,"PUBL-BAJO","1",14,"Femenino",4,"medio",8,"sí","no","no",3,5
3217,"PUBL-BAJO","1",14,"Femenino",4,"alto",6,"no","sí","sí",2,3
3251,"PUBL-BAJO","1",12,"Masculino",4,"bajo",5,"no","sí","no",1,3
3252,"PUBL-BAJO","1",14,"Femenino",2,"bajo",6,"no","no","no",4,5
3253,"PUBL-BAJO","1",13,"",2,"medio",8,"no","no","sí",1.5999999,1
3254,"PUBL-BAJO","1",12,"Femenino",1,"bajo",5,"sí","sí","sí",2.2,3
3255,"PUBL-BAJO","1",12,"Masculino",2,"medio",8,"no","no","no",2,3
3256,"PUBL-BAJO","1",12,"Masculino",3,"bajo",8,"no","no","no",2.2,3
3257,"PUBL-BAJO","1",12,"Femenino",3,"bajo",6,"no","no","sí",2.2,3
3258,"PUBL-BAJO","1",13,"Femenino",2,"bajo",6,"no","sí","sí",1.4000001,5
3259,"PUBL-BAJO","1",12,"Masculino",2,"bajo",6,"no","sí","no",1.8000002,4
3260,"PUBL-BAJO","1",12,"Femenino",2,"bajo",6,"sí","no","no",1.4000001,5
3261,"PUBL-BAJO","1",13,"Masculino",4,"medio",8,"no","no","no",1.4000001,4
3262,"PUBL-BAJO","1",12,"Masculino",2,"medio",5,"no","no","no",4.6,2
3301,"PUBL-BAJO","1",13,"Masculino",4,"medio",5,"no","sí","no",1,3
3302,"PUBL-BAJO","1",13,"Femenino",1,"medio",4,"no","no","sí",2.8,3
3303,"PUBL-BAJO","1",12,"Masculino",2,"bajo",6,"no","no","sí",1.8000002,2
3304,"PUBL-BAJO","1",12,"Femenino",2,"bajo",5,"no","sí","sí",3,3
3305,"PUBL-BAJO","1",13,"Masculino",2,"bajo",6,"no","sí","no",2.4000001,1
3306,"PUBL-BAJO","1",13,"Masculino",2,"bajo",5,"no","no","sí",1,5
3307,"PUBL-BAJO","1",14,"Masculino",2,"medio",6,"no","sí","no",4,2
3308,"PUBL-BAJO","1",12,"Femenino",4,"medio",8,"sí",NA,"no",1.8000002,4
3309,"PUBL-BAJO","1",12,"Masculino",2,"alto",5,"no","no","sí",2.5999999,4
3310,"PUBL-BAJO","1",13,"Masculino",2,"medio",7,"no","sí","no",3.4000001,3
3311,"PUBL-BAJO","1",13,"Femenino",4,"medio",7,"sí","no","no",3.8,4
3312,"PUBL-BAJO","1",12,"Femenino",4,"bajo",7,"no","no","sí",2.2,3
3313,"PUBL-BAJO","1",13,"Femenino",2,"bajo",5,"no","no","sí",4,3
3314,"PUBL-BAJO","1",13,"Masculino",2,"bajo",6,"no","sí","no",2.2,5
3315,"PUBL-BAJO","1",12,"Femenino",2,"bajo",8,"sí","sí","no",1.5999999,4
3316,"PUBL-BAJO","1",NA,"Femenino",1,"bajo",9,"no","no","sí",3.2,3
3351,"PUBL-BAJO","2",15,"Masculino",4,"medio",5,"no","sí","no",2.2,3
3352,"PUBL-BAJO","2",14,"Femenino",1,"alto",6,"no","sí","no",2.5999999,4
3353,"PUBL-BAJO","2",14,"Masculino",4,"medio",5,"no","sí","no",2.5999999,3
3354,"PUBL-BAJO","2",13,"Masculino",3,"bajo",8,"sí","no","no",2.5999999,3
3355,"PUBL-BAJO","2",14,"Femenino",3,"medio",4,"no","no","sí",2.5999999,3
3356,"PUBL-BAJO","2",13,"Femenino",2,"medio",5,"no","no","no",1.5999999,3
3357,"PUBL-BAJO","2",13,"Femenino",2,"medio",5,"sí","sí","no",1.8000002,3
3358,"PUBL-BAJO","2",14,"Masculino",2,"bajo",6,"no","sí","sí",2,2
3359,"PUBL-BAJO","2",13,"Femenino",2,"bajo",5,"no","no","sí",2.8,2
3360,"PUBL-BAJO","2",14,"Femenino",3,"medio",5,"no","sí","no",1.4000001,4
3361,"PUBL-BAJO","2",13,"Femenino",3,"medio",4,"no","no","no",2.8,3
3362,"PUBL-BAJO","2",13,"Femenino",2,"bajo",7,"no","sí","no",2.2,2
3363,"PUBL-BAJO","2",13,"Femenino",2,"bajo",3,"no","sí","no",2.8,3
3364,"PUBL-BAJO","2",13,"Femenino",2,"medio",5,"no","sí","no",3.4000001,3
3365,"PUBL-BAJO","2",13,"Masculino",4,"medio",7,"no","no","no",2.2,3
3366,"PUBL-BAJO","2",15,"Masculino",4,"bajo",5,"no","no","no",2.4000001,5
3367,"PUBL-BAJO","2",13,"Femenino",1,"medio",8,"no","sí","no",1,2
3368,"PUBL-BAJO","2",14,"Otro",2,"alto",7,"no","sí","sí",3.2,3
3369,"PUBL-BAJO","2",14,"Masculino",2,"medio",4,"no","sí","no",1.4000001,5
3370,"PUBL-BAJO","2",14,"Masculino",2,"bajo",4,"no","sí","sí",1.8000002,3
3371,"PUBL-BAJO","2",14,"Otro",4,"medio",7,"no","sí","no",3.2,3
3372,"PUBL-BAJO","2",14,"Masculino",4,"medio",5,"no","no","no",2,3
3373,"PUBL-BAJO","2",13,"Masculino",4,"medio",6,"no","sí","no",2.2,3
3401,"PUBL-BAJO","2",16,"Femenino",2,"alto",5,"no","sí","no",1.4000001,3
3402,"PUBL-BAJO","2",13,"Masculino",2,"medio",4,"sí","no","no",1.8000002,5
3403,"PUBL-BAJO","2",15,"Masculino",2,"alto",10,"sí","no","no",1.4000001,5
3404,"PUBL-BAJO","2",14,"Masculino",2,"medio",10,"no","no","no",1.4000001,5
3405,"PUBL-BAJO","2",13,"Masculino",2,"medio",6,"no","sí","no",2.2,2
3406,"PUBL-BAJO","2",14,"Femenino",4,"bajo",7,"no","no","sí",1.4000001,2
3407,"PUBL-BAJO","2",14,"Femenino",2,"medio",9,"no","sí","sí",2.8,3
3408,"PUBL-BAJO","2",14,"Masculino",4,"medio",5,"no","no","no",2.2,5
3409,"PUBL-BAJO","2",13,"Masculino",3,"medio",6,"no","no","no",1,3
3410,"PUBL-BAJO","2",13,"Masculino",1,"medio",8,"no","no","no",2.5999999,5
3411,"PUBL-BAJO","2",13,"Masculino",3,"medio",3,"sí","no","no",3.2,4
3412,"PUBL-BAJO","2",13,"Masculino",2,"alto",8,"no","no","no",2.2,4
3413,"PUBL-BAJO","2",13,"Masculino",1,"medio",8,"no","no","no",3.2,3
3414,"PUBL-BAJO","2",14,"Femenino",1,"medio",8,"no","no","no",2.4000001,3
3415,"PUBL-BAJO","2",13,"Masculino",1,"bajo",6,"no","sí","no",2.2,5
3416,"PUBL-BAJO","2",14,"Femenino",2,"medio",6,"no","sí","no",1.5999999,3
3417,"PUBL-BAJO","2",14,"Femenino",1,"medio",10,"no","sí","no",1.8000002,3
3418,"PUBL-BAJO","2",14,"Femenino",2,"bajo",8,"no","no","sí",3.4000001,2
3419,"PUBL-BAJO","2",14,"Femenino",2,"bajo",6,"sí","no","no",1.8000002,3
3420,"PUBL-BAJO","2",14,"Femenino",3,"medio",5,"no","no","no",2.5999999,4
3421,"PUBL-BAJO","2",14,"Masculino",3,"bajo",5,"no","sí","no",2.2,4
3422,"PUBL-BAJO","2",15,"Masculino",2,"medio",5,"no","no","sí",4.8,3
3423,"PUBL-BAJO","2",14,"Femenino",3,"medio",8,"sí","no","no",1,5
3424,"PUBL-BAJO","2",14,"Femenino",2,"alto",10,"sí","sí","no",1.8000002,5
3451,"PUBL-BAJO","2",13,"Masculino",2,"medio",5,"no","no","sí",3,3
3452,"PUBL-BAJO","2",15,"Masculino",2,"medio",5,"no","sí","no",2,2
3453,"PUBL-BAJO","2",13,"Masculino",2,"medio",8,"no","no","no",2.4000001,3
3454,"PUBL-BAJO","2",14,"Masculino",2,"bajo",8,"no","sí","sí",2.2,1
3455,"PUBL-BAJO","2",14,"Masculino",2,"bajo",5,"sí","no","no",2,3
3456,"PUBL-BAJO","2",13,"Femenino",3,"medio",7,"no","sí","no",1.4000001,3
3457,"PUBL-BAJO","2",13,"Femenino",3,"medio",6,"no","sí","no",3.4000001,2
3458,"PUBL-BAJO","2",15,"Femenino",2,"medio",6,"no","sí","sí",2.4000001,3
3459,"PUBL-BAJO","2",14,"Masculino",2,"bajo",9,"no","sí","sí",1.4000001,4
3460,"PUBL-BAJO","2",13,"Masculino",3,"medio",8,"sí","no","no",1.4000001,3
3461,"PUBL-BAJO","2",14,"Femenino",4,"medio",8,"no","sí","sí",2.4000001,4
3462,"PUBL-BAJO","2",13,"Femenino",2,"bajo",8,"no","sí","sí",2,4
3463,"PUBL-BAJO","2",13,"Femenino",2,"medio",8,"no","no","sí",1.4000001,3
3464,"PUBL-BAJO","2",13,"Femenino",3,"medio",6,"no","sí","no",1.4000001,3
3465,"PUBL-BAJO","2",13,"Femenino",2,"medio",9,"no","sí","no",1.5999999,4
3466,"PUBL-BAJO","2",13,"Masculino",3,"alto",10,"no","sí","no",1.8000002,5
3467,"PUBL-BAJO","2",13,"Femenino",2,"bajo",5,"no","no","sí",2.2,3
3468,"PUBL-BAJO","2",13,"Masculino",2,"medio",5,"no","sí","no",2.4000001,3
3469,"PUBL-BAJO","2",14,"Masculino",2,"medio",3,"no","sí","sí",1.4000001,5
3470,"PUBL-BAJO","2",15,"Femenino",2,"medio",8,"sí","sí","no",2.2,4
3471,"PUBL-BAJO","2",14,"Femenino",4,"medio",9,"no","sí","sí",2.5999999,5
3472,"PUBL-BAJO","2",14,"Masculino",3,"medio",5,"no","no","no",1,3
3473,"PUBL-BAJO","2",14,"Masculino",4,"alto",8,"no","sí","no",3,5
3474,"PUBL-BAJO","2",14,"Masculino",3,"alto",5,"sí","sí","no",3.8,4
3475,"PUBL-BAJO","2",14,"Femenino",3,"medio",7,"no","no","no",4,3
3501,"PUBL-BAJO","2",13,"Masculino",2,"alto",10,"no","sí","no",1.4000001,2
3502,"PUBL-BAJO","2",16,"Masculino",2,"medio",5,"no","no","sí",2.8,3
3503,"PUBL-BAJO","2",14,"Masculino",2,"bajo",5,"no","sí","no",2.5999999,3
3504,"PUBL-BAJO","2",13,"Femenino",1,"bajo",3,"no","sí","no",2.4000001,2
3505,"PUBL-BAJO","2",14,"Masculino",2,"bajo",4,NA,"no","sí",2,5
3506,"PUBL-BAJO","2",13,"Masculino",2,"medio",7,"no","sí","no",1.5999999,4
3507,"PUBL-BAJO","2",14,"Masculino",2,"medio",4,"no","sí","no",1.5999999,5
3508,"PUBL-BAJO","2",14,"Femenino",4,"bajo",6,"no","sí","sí",2.2,3
3509,"PUBL-BAJO","2",14,"Femenino",3,"bajo",6,"no","sí","sí",2.4000001,2
3510,"PUBL-BAJO","2",13,"Femenino",2,"alto",5,"sí","sí","no",2.2,3
3511,"PUBL-BAJO","2",14,"",1,"medio",6,"no","sí","sí",2,4
3512,"PUBL-BAJO","2",13,"Femenino",2,"medio",6,"no","no","sí",2.4000001,2
3513,"PUBL-BAJO","2",13,"Femenino",2,"bajo",5,"no","no","no",2.2,5
3514,"PUBL-BAJO","2",14,"Femenino",2,"bajo",7,"no","no","sí",2,3
3515,"PUBL-BAJO","2",13,"Masculino",2,"medio",3,"no","no","no",3.4000001,3
3516,"PUBL-BAJO","2",14,"Masculino",1,"bajo",8,"no","sí","no",2.2,2
3517,"PUBL-BAJO","2",13,"Masculino",3,"bajo",6,"no","no","sí",3.4000001,4
3518,"PUBL-BAJO","2",14,"Masculino",3,"bajo",6,"no","no","no",1.8000002,3
3519,"PUBL-BAJO","2",14,"Femenino",4,"medio",9,"no","no","no",2.2,4
3520,"PUBL-BAJO","2",14,"Femenino",2,"medio",3,"no","no","no",2.4000001,4
3521,"PUBL-BAJO","2",13,"Femenino",4,"medio",5,"no","sí","sí",2.5999999,3
3522,"PUBL-BAJO","2",13,"Femenino",2,"medio",5,"no","sí","sí",2.5999999,1
3551,"PUBL-BAJO","2",14,"Femenino",2,"medio",5,NA,NA,"sí",2.2,5
3552,"PUBL-BAJO","2",14,"Femenino",2,"bajo",5,"no","sí","sí",2.2,5
3553,"PUBL-BAJO","2",15,"Femenino",2,"alto",5,"no","sí","no",2.5999999,3
3554,"PUBL-BAJO","2",15,"Masculino",3,"bajo",5,"no","sí","no",2.2,2
3555,"PUBL-BAJO","2",14,"Femenino",4,"medio",7,"sí","sí","no",2.4000001,3
3556,"PUBL-BAJO","2",15,"Femenino",2,"bajo",7,"no","sí","sí",2,4
3557,"PUBL-BAJO","2",14,"Masculino",2,"medio",6,"no","sí","no",2,2
3558,"PUBL-BAJO","2",13,"Femenino",4,"medio",7,"sí","sí","no",2.4000001,3
3559,"PUBL-BAJO","2",13,"Femenino",2,"medio",5,"no","sí","no",4,3
3560,"PUBL-BAJO","2",13,"Femenino",2,"medio",5,"no","sí","no",4.2,3
3561,"PUBL-BAJO","2",14,"Masculino",2,"medio",8,"no","sí","no",1.5999999,4
3562,"PUBL-BAJO","2",16,"Femenino",2,"bajo",6,"no","sí","sí",4.2,2
3563,"PUBL-BAJO","2",14,"Femenino",2,"bajo",6,"no","no","sí",2.8,5
3566,"PUBL-BAJO","2",16,"Femenino",3,"medio",7,NA,"no","no",4.2,2
3567,"PUBL-BAJO","2",13,"Masculino",4,"bajo",7,"no","no","no",1.5999999,3
3568,"PUBL-BAJO","2",14,"Masculino",1,"medio",2,"no","sí","no",2.2,5
3569,"PUBL-BAJO","2",15,"Masculino",2,"alto",5,"no","sí","sí",2.4000001,4
3570,"PUBL-BAJO","2",15,"Masculino",2,"medio",3,"no","sí","no",2.5999999,4
3571,"PUBL-BAJO","2",13,"Masculino",4,"bajo",4,"no","no","no",2.8,3
3601,"PUBL-BAJO","2",13,"Femenino",2,"bajo",7,"no","no","no",2.2,4
3602,"PUBL-BAJO","2",13,"Masculino",2,"bajo",6,"no","no","sí",2,3
3603,"PUBL-BAJO","2",13,"Femenino",4,"medio",5,"no","sí","no",1.1999998,2
3604,"PUBL-BAJO","2",13,"Femenino",1,"medio",5,"no","sí","no",1.8000002,3
3605,"PUBL-BAJO","2",14,"Masculino",2,"medio",5,"no","sí","no",1,1
3606,"PUBL-BAJO","2",15,"Masculino",2,"medio",5,"no","sí","no",1.8000002,2
3607,"PUBL-BAJO","2",13,"Masculino",2,"bajo",6,"no","sí","sí",3.2,5
3608,"PUBL-BAJO","2",13,"Masculino",2,"alto",5,"no","sí","no",1.5999999,2
3609,"PUBL-BAJO","2",15,"Femenino",2,"alto",8,"no","sí","no",1.1999998,3
3610,"PUBL-BAJO","2",14,"Femenino",2,"bajo",4,"sí","sí","sí",1,5
3611,"PUBL-BAJO","2",13,"Femenino",2,"medio",7,"sí","no","no",4.8,1
3612,"PUBL-BAJO","2",14,"Masculino",3,"bajo",5,"no","sí","no",1.8000002,3
3613,"PUBL-BAJO","2",13,"Masculino",4,"bajo",4,"no","sí","sí",1,4
3614,"PUBL-BAJO","2",13,"Femenino",3,"bajo",7,"no","no","sí",1.1999998,4
3615,"PUBL-BAJO","2",13,"Femenino",4,"medio",6,"no","sí","no",2.4000001,2
3616,"PUBL-BAJO","2",15,"Femenino",1,"alto",6,"sí","no","no",2.4000001,5
3617,"PUBL-BAJO","2",14,"Masculino",4,"medio",6,"no","sí","no",2,5
3618,"PUBL-BAJO","2",13,"Masculino",2,"bajo",6,"no","no","no",1.1999998,2
3619,"PUBL-BAJO","2",13,"Masculino",2,"medio",6,"no","sí","no",2,2
3620,"PUBL-BAJO","2",13,"Masculino",4,"bajo",4,"no","no","sí",2.2,2
3621,"PUBL-BAJO","2",13,"Masculino",4,"bajo",5,"no","sí","no",2,3
3622,"PUBL-BAJO","2",14,"Femenino",1,"medio",7,"no","sí","sí",2.2,3
3623,"PUBL-BAJO","2",13,"Masculino",3,"medio",6,"no","sí","no",1.5999999,3
3624,"PUBL-BAJO","2",13,"Masculino",1,"bajo",8,"sí","sí","no",1.5999999,4
3625,"PUBL-BAJO","2",13,"Masculino",2,"alto",8,"no","sí","no",2,3
3651,"PUBL-BAJO","2",14,"Masculino",2,"alto",4,"no","no","sí",1.4000001,5
3652,"PUBL-BAJO","2",15,"Femenino",3,"alto",7,"no","sí","no",2,3
3653,"PUBL-BAJO","2",15,"Masculino",4,"medio",5,"no","no","no",3,3
3654,"PUBL-BAJO","2",15,"Masculino",2,"alto",9,"no","sí","no",2.4000001,5
3655,"PUBL-BAJO","2",14,"Masculino",4,"medio",5,"no","no","no",3,5
3656,"PUBL-BAJO","2",15,"Masculino",2,"bajo",4,"no","no","no",2.8,2
3657,"PUBL-BAJO","2",14,"Femenino",4,"medio",3,"no","sí","sí",4,3
3658,"PUBL-BAJO","2",14,"Masculino",4,"medio",7,"no","sí","no",2,5
3659,"PUBL-BAJO","2",14,"Masculino",2,"bajo",6,"no","no","no",2.5999999,3
3660,"PUBL-BAJO","2",14,"Masculino",3,"bajo",5,"no","no","no",2.2,2
3661,"PUBL-BAJO","2",14,"Masculino",4,"bajo",6,"no","sí","no",2.5999999,3
3662,"PUBL-BAJO","2",14,"Femenino",4,"alto",5,"sí","sí","no",2.2,3
3663,"PUBL-BAJO","2",13,"Femenino",2,"medio",5,"sí","sí","no",2.2,3
3664,"PUBL-BAJO","2",15,"Masculino",2,"medio",8,"no","sí","no",2.8,3
3665,"PUBL-BAJO","2",14,"Masculino",3,"alto",7,NA,"sí","no",2,3
3666,"PUBL-BAJO","2",15,"Masculino",2,"medio",8,"sí","sí","no",2.2,5
4001,"PRIV-BAJO","1",12,"Femenino",3,"alto",4,"no","no","no",3,3
4002,"PRIV-BAJO","1",13,"Masculino",3,"medio",6,"no","no","no",2.8,5
4003,"PRIV-BAJO","1",12,"Femenino",3,"medio",6,"no","sí","no",2.8,3
4004,"PRIV-BAJO","1",13,"Masculino",3,"medio",7,"no","no","no",1.8000002,4
4005,"PRIV-BAJO","1",12,"Masculino",3,"alto",8,"sí","no","no",2.5999999,4
4006,"PRIV-BAJO","1",12,"Femenino",3,"medio",8,"no","no","no",3,3
4007,"PRIV-BAJO","1",13,"Masculino",4,"medio",7,"no","sí","sí",1.1999998,5
4008,"PRIV-BAJO","1",13,"Masculino",3,"alto",8,"no","sí","no",2.2,4
4009,"PRIV-BAJO","1",13,"Femenino",4,"alto",6,"no","no","no",1.8000002,3
4010,"PRIV-BAJO","1",12,"Femenino",2,"medio",7,"sí","no","no",1,4
4011,"PRIV-BAJO","1",12,"Masculino",4,"alto",7,"no","sí","sí",2.4000001,5
4012,"PRIV-BAJO","1",12,"Masculino",3,"alto",8,"no","sí","no",1.4000001,5
4013,"PRIV-BAJO","1",12,"Femenino",4,"bajo",6,"no","no","sí",1.8000002,4
4014,"PRIV-BAJO","1",12,"Masculino",2,"medio",8,"no","sí","no",3,3
4015,"PRIV-BAJO","1",12,"Femenino",2,"medio",9,"no","no","no",1.4000001,2
4016,"PRIV-BAJO","1",12,"Femenino",2,"bajo",8,"sí","sí","sí",2.2,4
4017,"PRIV-BAJO","1",13,"Femenino",4,"medio",4,"no","sí","no",3,3
4018,"PRIV-BAJO","1",12,"Femenino",4,"medio",5,"no","sí","no",2,3
4019,"PRIV-BAJO","1",12,"Femenino",4,"medio",7,"no","sí","no",2.8,4
4020,"PRIV-BAJO","1",13,"Masculino",2,"alto",9,"no","sí","no",1.8000002,4
4021,"PRIV-BAJO","1",13,"Masculino",2,"medio",8,"no","sí","no",1.5999999,4
4022,"PRIV-BAJO","1",12,"Femenino",3,"alto",8,"sí","no","no",1.5999999,5
4023,"PRIV-BAJO","1",12,"Femenino",3,"alto",5,"no","sí","no",2.8,4
4024,"PRIV-BAJO","1",13,"Femenino",3,"alto",5,"sí","no","no",2.4000001,3
4025,"PRIV-BAJO","1",13,"Femenino",3,"bajo",3,"no","sí","no",3.2,3
4026,"PRIV-BAJO","1",12,"Masculino",1,"medio",9,"no","no","no",1.8000002,5
4027,"PRIV-BAJO","1",12,"Femenino",4,"alto",9,"sí","no","no",2.5999999,3
4028,"PRIV-BAJO","1",13,"Femenino",3,"alto",5,"no","sí","no",3.5999999,1
4029,"PRIV-BAJO","1",13,"Femenino",2,"bajo",5,"no","no","sí",2.2,3
4030,"PRIV-BAJO","1",12,"Femenino",3,"medio",9,"no","sí","no",1.8000002,4
4031,"PRIV-BAJO","1",12,"Masculino",2,"medio",7,"no","sí","sí",2,3
4032,"PRIV-BAJO","1",13,"Femenino",2,"medio",9,"sí","no","no",2,5
4033,"PRIV-BAJO","1",13,"Masculino",2,"alto",10,"no","no","no",3.4000001,5
4034,"PRIV-BAJO","1",12,"Masculino",2,"alto",10,"sí","sí","no",3.4000001,4
4035,"PRIV-BAJO","1",13,"Femenino",3,"medio",7,"no","sí","no",1.8000002,3
4036,"PRIV-BAJO","1",13,"Femenino",2,"alto",6,"sí","sí","no",1.4000001,4
4037,"PRIV-BAJO","1",12,"Femenino",3,"medio",6,"sí","sí","sí",1.4000001,4
4050,"PRIV-BAJO","1",13,"Masculino",2,"medio",8,"no","no","no",2.4000001,3
4051,"PRIV-BAJO","1",13,"Femenino",2,"medio",8,"no","sí","sí",1.5999999,3
4052,"PRIV-BAJO","1",13,"Femenino",4,"medio",9,"no","sí","no",1.8000002,3
4053,"PRIV-BAJO","1",12,"Femenino",2,"alto",7,"no","sí","sí",3.4000001,3
4054,"PRIV-BAJO","1",12,"Femenino",2,"medio",7,"no","sí","no",1.4000001,5
4055,"PRIV-BAJO","1",13,"Femenino",4,"alto",7,"no","sí","no",2.8,3
4056,"PRIV-BAJO","1",12,"Masculino",2,"alto",6,"no","sí","sí",3.4000001,3
4057,"PRIV-BAJO","1",12,"Masculino",4,"medio",6,"no","sí","no",3.5999999,3
4058,"PRIV-BAJO","1",13,"Femenino",2,"medio",7,"no","no","no",4,2
4059,"PRIV-BAJO","1",12,"Masculino",3,"medio",5,"sí","no","no",1.4000001,4
4060,"PRIV-BAJO","1",12,"Femenino",3,"medio",5,"no","no","sí",1.8000002,2
4061,"PRIV-BAJO","1",13,"Femenino",3,"medio",5,"no","sí","no",2,3
4062,"PRIV-BAJO","1",12,"Masculino",2,"alto",7,"no","sí","sí",2,3
4063,"PRIV-BAJO","1",12,"Femenino",3,"medio",8,"no","sí","sí",1,3
4064,"PRIV-BAJO","1",13,"Femenino",1,"medio",8,"no","sí","sí",3.2,3
4065,"PRIV-BAJO","1",12,"Femenino",2,"medio",9,"no","sí","sí",2.8,3
4066,"PRIV-BAJO","1",13,"Femenino",3,"bajo",4,"sí","sí","sí",1.8000002,1
4067,"PRIV-BAJO","1",12,"Masculino",4,"medio",5,"sí","sí","no",2.8,4
4068,"PRIV-BAJO","1",12,"Masculino",2,"medio",5,"no","no","no",1.5999999,3
4069,"PRIV-BAJO","1",12,"Femenino",3,"bajo",9,"no","sí","no",2,4
4070,"PRIV-BAJO","1",13,"Masculino",2,"medio",6,"no","no","no",1.1999998,5
4071,"PRIV-BAJO","1",12,"Masculino",2,"medio",5,"no","no","no",1.5999999,4
4072,"PRIV-BAJO","1",12,"Masculino",3,"medio",9,"no","no","sí",2.2,4
4073,"PRIV-BAJO","1",12,"Femenino",3,"medio",9,"sí","no","no",2.2,4
4074,"PRIV-BAJO","1",13,"Femenino",4,"bajo",7,"no","no","sí",2.4000001,4
4075,"PRIV-BAJO","1",12,"Femenino",2,"medio",7,"no","no","sí",2,5
4076,"PRIV-BAJO","1",12,"Masculino",4,"bajo",6,"no","no","no",2.4000001,4
4077,"PRIV-BAJO","1",13,"Masculino",2,"medio",7,"sí","no","no",1.4000001,5
4078,"PRIV-BAJO","1",12,"Femenino",2,"medio",7,"no","sí","no",2,4
4079,"PRIV-BAJO","1",12,"Masculino",2,"alto",5,"sí","no","no",2.8,2
4080,"PRIV-BAJO","1",12,"Masculino",3,"alto",7,"no","sí","no",2.2,4
4081,"PRIV-BAJO","1",13,"Femenino",2,"alto",6,"no","sí","sí",1,4
4082,"PRIV-BAJO","1",12,"Femenino",3,"medio",9,"no","sí","no",2.4000001,5
4083,"PRIV-BAJO","1",14,"Masculino",2,"alto",9,"no","sí","sí",1.4000001,4
4084,"PRIV-BAJO","1",13,"Femenino",3,"medio",7,"no","sí","sí",2.2,3
4101,"PRIV-BAJO","2",13,"Femenino",3,"medio",8,"no","no","no",1.4000001,5
4102,"PRIV-BAJO","2",13,"Femenino",3,"medio",6,"no","no","no",2.2,3
4103,"PRIV-BAJO","2",13,"Femenino",2,"alto",7,"no","no","sí",2.2,3
4104,"PRIV-BAJO","2",14,"Femenino",3,"bajo",4,"sí","no","no",2,2
4105,"PRIV-BAJO","2",13,"Femenino",2,"medio",8,"no","no","no",2.8,4
4106,"PRIV-BAJO","2",14,"Femenino",2,"alto",8,"no","sí","sí",2.8,4
4107,"PRIV-BAJO","2",14,"Masculino",2,"medio",6,"no","sí","no",2.5999999,2
4108,"PRIV-BAJO","2",13,"Masculino",3,"alto",7,"no","sí","no",1,5
4109,"PRIV-BAJO","2",13,"Femenino",3,"medio",6,"no","no","no",3.8,3
4110,"PRIV-BAJO","2",13,"Femenino",3,"medio",8,"no","no","sí",1.8000002,3
4111,"PRIV-BAJO","2",13,"Femenino",3,"medio",7,"no","no","no",3.4000001,4
4112,"PRIV-BAJO","2",13,"Femenino",4,"medio",4,"no","no","no",2.2,3
4113,"PRIV-BAJO","2",14,"Femenino",3,"medio",8,"no","no","no",2.2,5
4114,"PRIV-BAJO","2",13,"Femenino",2,"alto",8,"no","no","no",2.2,4
4115,"PRIV-BAJO","2",13,"Masculino",2,"bajo",5,"no","sí","no",1.8000002,4
4116,"PRIV-BAJO","2",13,"Masculino",2,"medio",10,"no","sí","no",1,5
4117,"PRIV-BAJO","2",14,"Masculino",2,"medio",6,"no","no","no",2.4000001,3
4118,"PRIV-BAJO","2",14,"Masculino",2,"medio",7,"no","no","no",1.8000002,5
4119,"PRIV-BAJO","2",13,"Masculino",2,"medio",5,"no","no","no",2.2,3
4120,"PRIV-BAJO","2",13,"Masculino",3,"alto",5,"no","no","no",3,4
4121,"PRIV-BAJO","2",13,"Masculino",3,"medio",8,"no","no","sí",2.8,2
4122,"PRIV-BAJO","2",13,"Masculino",3,"alto",9,"no","no","no",2.5999999,5
4123,"PRIV-BAJO","2",14,"Femenino",3,"medio",6,"no","sí","no",2.4000001,5
4124,"PRIV-BAJO","2",13,"Femenino",2,"bajo",5,"no","no","no",2.5999999,3
4125,"PRIV-BAJO","2",13,"Femenino",3,"alto",7,"no","no","sí",2.5999999,3
4126,"PRIV-BAJO","2",14,"Femenino",2,"alto",8,"no","no","no",3.2,4
4127,"PRIV-BAJO","2",13,"Femenino",3,"medio",4,"no","sí","no",2.5999999,4
4128,"PRIV-BAJO","2",14,"Masculino",3,"alto",7,"no","sí","no",1.8000002,5
4129,"PRIV-BAJO","2",14,"Masculino",2,"medio",7,"no","no","no",1,4
4130,"PRIV-BAJO","2",14,"Femenino",2,"bajo",5,"no","sí","no",4,4
4150,"PRIV-BAJO","2",14,"Femenino",3,"alto",5,NA,"no","sí",1.8000002,3
4151,"PRIV-BAJO","2",13,"Masculino",3,"alto",7,"no","no","no",2.5999999,5
4152,"PRIV-BAJO","2",14,"Masculino",2,"alto",10,"sí","no","no",2.8,5
4153,"PRIV-BAJO","2",13,"Masculino",1,"medio",7,"no","no","no",2.2,3
4154,"PRIV-BAJO","2",13,"Femenino",2,"medio",6,"sí","sí","no",2,5
4155,"PRIV-BAJO","2",15,"Femenino",4,"alto",6,"no","no","sí",2.5999999,5
4156,"PRIV-BAJO","2",14,"Masculino",3,"alto",6,"no","no","no",2.2,4
4157,"PRIV-BAJO","2",13,"Femenino",4,"alto",7,"no","sí","no",1.8000002,3
4158,"PRIV-BAJO","2",14,"Femenino",4,"medio",7,"no","sí","sí",2.2,3
4159,"PRIV-BAJO","2",13,"Femenino",2,"alto",6,"no","no","sí",1.4000001,3
4160,"PRIV-BAJO","2",13,"Masculino",4,"bajo",4,"no","sí","sí",2,5
4161,"PRIV-BAJO","2",13,"Masculino",4,"medio",9,"no","no","no",2.8,5
4162,"PRIV-BAJO","2",13,"Masculino",3,"alto",7,"no","sí","no",2.4000001,4
4163,"PRIV-BAJO","2",14,"Masculino",3,"alto",7,"no","sí","sí",2.2,3
4164,"PRIV-BAJO","2",14,"Masculino",1,"medio",8,"no","no","no",2.4000001,3
4165,"PRIV-BAJO","2",13,"Masculino",3,"medio",8,"sí","no","sí",2.4000001,5
4166,"PRIV-BAJO","2",14,"Masculino",2,"medio",4,"no","sí","no",3,4
4167,"PRIV-BAJO","2",13,"Masculino",2,"medio",8,"no","no","no",1.8000002,4
4168,"PRIV-BAJO","2",14,"Femenino",2,"medio",6,"no","sí","no",2.5999999,3
4169,"PRIV-BAJO","2",13,"Masculino",4,"alto",7,"no","no","sí",1.4000001,2
4170,"PRIV-BAJO","2",13,"Femenino",1,"bajo",4,"no","sí","sí",2,2
4171,"PRIV-BAJO","2",13,"Femenino",2,"alto",5,"no","no","no",1.8000002,2
4172,"PRIV-BAJO","2",14,"Masculino",3,"medio",8,"sí","sí","sí",2.8,3
4173,"PRIV-BAJO","2",14,"Femenino",4,"bajo",8,"sí","no","no",3,3
4174,"PRIV-BAJO","2",14,"Masculino",3,"alto",9,"no","sí","sí",3,5
4175,"PRIV-BAJO","2",14,"Femenino",3,"medio",6,"no","sí","sí",3.2,2
4176,"PRIV-BAJO","2",14,"Femenino",2,"medio",8,"no","no","no",2.5999999,3
4177,"PRIV-BAJO","2",13,"Masculino",2,"medio",7,"no","sí","sí",3,3
4178,"PRIV-BAJO","2",14,"Masculino",3,"alto",9,"no","no","no",1.4000001,3
4179,"PRIV-BAJO","2",14,"Masculino",2,"medio",8,"no","sí","no",3,4
4180,"PRIV-BAJO","2",14,"Femenino",2,"alto",9,"sí","sí","no",2.5999999,3
4181,"PRIV-BAJO","2",13,"Femenino",3,"medio",7,"no","sí","sí",2.2,3
5001,"PRIV-ALTO","1",12,"Masculino",3,"bajo",6,"sí","sí","sí",2,4
5002,"PRIV-ALTO","1",13,"Femenino",2,"alto",6,"no","no","no",2.4000001,4
5003,"PRIV-ALTO","1",12,"Femenino",4,"medio",7,"no","no","no",1.4000001,4
5004,"PRIV-ALTO","1",12,"Femenino",2,"alto",8,"no","sí","no",2.5999999,3
5005,"PRIV-ALTO","1",12,"Femenino",3,"medio",6,"sí","no","no",1.8000002,4
5006,"PRIV-ALTO","1",12,"Femenino",3,"alto",9,"no","no","no",1.5999999,5
5007,"PRIV-ALTO","1",13,"Masculino",3,"medio",6,"no","no","no",1.1999998,3
5008,"PRIV-ALTO","1",12,"Masculino",3,"alto",7,"no","no","no",2.5999999,2
5009,"PRIV-ALTO","1",12,"Masculino",3,"medio",4,"no","sí","no",1.4000001,3
5010,"PRIV-ALTO","1",12,"Femenino",3,"medio",9,"sí","sí","sí",1,5
5011,"PRIV-ALTO","1",12,"Femenino",3,"medio",8,"no","no","no",2.5999999,2
5012,"PRIV-ALTO","1",12,"Femenino",3,"alto",7,"sí","no","no",1.4000001,5
5013,"PRIV-ALTO","1",12,"Femenino",4,"medio",6,"no","no","no",1.5999999,3
5014,"PRIV-ALTO","1",13,"Femenino",3,"alto",8,"no","no","no",2.5999999,3
5015,"PRIV-ALTO","1",13,"Femenino",4,"medio",6,"no","no","no",1.8000002,3
5016,"PRIV-ALTO","1",12,"Femenino",3,"medio",9,"no","sí","no",1.5999999,3
5017,"PRIV-ALTO","1",12,"Femenino",3,"medio",6,"sí","no","no",1.4000001,3
5018,"PRIV-ALTO","1",13,"Femenino",2,"medio",6,"no","no","sí",2.5999999,4
5019,"PRIV-ALTO","1",12,"Masculino",3,"alto",7,"sí","no","no",2.2,1
5020,"PRIV-ALTO","1",13,"Femenino",3,"medio",9,"sí","no","no",2.8,4
5021,"PRIV-ALTO","1",13,"Femenino",4,"bajo",6,"no","sí","no",1.5999999,4
5022,"PRIV-ALTO","1",12,"Femenino",4,"alto",6,"no","no","no",1.5999999,4
5023,"PRIV-ALTO","1",12,"Masculino",4,"alto",8,"no","no","no",1.5999999,4
5050,"PRIV-ALTO","1",12,"Masculino",4,"alto",7,"no","no","sí",2.4000001,3
5051,"PRIV-ALTO","1",12,"Femenino",3,"medio",8,"no","sí","no",1.4000001,4
5052,"PRIV-ALTO","1",13,"Femenino",4,"medio",6,"no","no","no",1.4000001,5
5053,"PRIV-ALTO","1",13,"Femenino",3,"medio",6,"no","sí","sí",1.4000001,3
5054,"PRIV-ALTO","1",12,"Femenino",2,"medio",6,"no","no","no",1,3
5055,"PRIV-ALTO","1",13,"Femenino",3,"medio",6,"no","no","no",1,3
5056,"PRIV-ALTO","1",12,"Masculino",4,"alto",5,"no","no","no",2,2
5057,"PRIV-ALTO","1",12,"Femenino",3,"medio",8,"no","no","no",2,3
5058,"PRIV-ALTO","1",13,"Femenino",4,"bajo",6,"no","no","no",1.5999999,5
5059,"PRIV-ALTO","1",13,"Masculino",3,"medio",8,"sí","sí","sí",3.2,4
5060,"PRIV-ALTO","1",13,"Femenino",3,"alto",7,"no","no","no",1.1999998,5
5061,"PRIV-ALTO","1",13,"Masculino",3,"alto",4,"no","no","sí",1,3
5062,"PRIV-ALTO","1",12,"Femenino",3,"alto",8,"no","no","no",1,4
5063,"PRIV-ALTO","1",12,"Masculino",3,"alto",8,"sí","sí","no",1,5
5064,"PRIV-ALTO","1",13,"Femenino",3,"alto",6,"no","no","sí",1.8000002,3
5065,"PRIV-ALTO","1",12,"Masculino",3,"medio",7,"no","no","no",2.2,5
5066,"PRIV-ALTO","1",12,"Masculino",3,"medio",7,"no","no","sí",2.8,3
5067,"PRIV-ALTO","1",13,"Masculino",3,"alto",7,"sí","sí","no",1,3
5068,"PRIV-ALTO","1",12,"Femenino",3,"alto",7,"no","no","no",2,3
5069,"PRIV-ALTO","1",12,"Femenino",3,"alto",6,"no","sí","no",3,4
5070,"PRIV-ALTO","1",12,"Femenino",3,"alto",8,NA,"no","no",1.5999999,4
5071,"PRIV-ALTO","1",13,"Masculino",4,"medio",6,"no","sí","no",2,4
5101,"PRIV-ALTO","2",14,"Masculino",3,"alto",8,"no","no","no",2.5999999,3
5102,"PRIV-ALTO","2",13,"Femenino",3,"alto",7,"no","no","no",1.8000002,3
5103,"PRIV-ALTO","2",13,"Femenino",3,"medio",7,"no","no","sí",2.5999999,3
5104,"PRIV-ALTO","2",14,"Femenino",3,"alto",8,"no","no","sí",2.5999999,5
5105,"PRIV-ALTO","2",13,"Masculino",3,"alto",8,"no","no","no",1.5999999,4
5106,"PRIV-ALTO","2",14,"Femenino",3,"medio",7,"sí","no","no",3,5
5107,"PRIV-ALTO","2",14,"Femenino",3,"alto",8,"no","no","no",3.2,4
5108,"PRIV-ALTO","2",13,"Masculino",3,"medio",7,"no","sí","no",2.4000001,3
5109,"PRIV-ALTO","2",13,"Femenino",3,"medio",7,"no","no","no",1,4
5110,"PRIV-ALTO","2",14,"Femenino",3,"alto",7,"no","no","no",2.8,4
5111,"PRIV-ALTO","2",13,"Femenino",3,"medio",8,"no","sí","no",2.5999999,3
5112,"PRIV-ALTO","2",13,"Masculino",3,"medio",7,"no","no","no",2.2,2
5113,"PRIV-ALTO","2",13,"Femenino",3,"medio",6,"no","no","no",3.2,4
5114,"PRIV-ALTO","2",13,"Femenino",3,"alto",6,"no","no","sí",3.5999999,4
5115,"PRIV-ALTO","2",13,"Femenino",3,"alto",6,"no","sí","no",3.2,3
5116,"PRIV-ALTO","2",13,"Masculino",3,"medio",7,"no","no","no",1.4000001,3
5117,"PRIV-ALTO","2",13,"Masculino",3,"alto",7,"no","no","no",1.4000001,3
5118,"PRIV-ALTO","2",14,"Femenino",3,"bajo",6,"no","sí","no",2.8,3
5119,"PRIV-ALTO","2",13,"Femenino",3,"alto",7,"sí","no","no",2,4
5120,"PRIV-ALTO","2",13,"Masculino",3,"alto",7,"no","no","no",1.4000001,4
5121,"PRIV-ALTO","2",14,"Femenino",3,"alto",6,"no","no","no",3,4
5122,"PRIV-ALTO","2",14,"Femenino",3,"alto",7,"no","sí","no",2.8,4
5123,"PRIV-ALTO","2",13,"Masculino",3,"medio",6,"sí","sí","no",2.4000001,5
5124,"PRIV-ALTO","2",14,"Masculino",3,"medio",7,"no","sí","no",1.5999999,5
5125,"PRIV-ALTO","2",13,"Masculino",3,"alto",7,"no","sí","no",1.1999998,4
5126,"PRIV-ALTO","2",14,"Femenino",3,"alto",7,"sí","no","no",2,3
5127,"PRIV-ALTO","2",13,"Masculino",3,"alto",6,"sí","no","sí",3.5999999,4
5128,"PRIV-ALTO","2",13,"Femenino",2,"bajo",6,"no","sí","no",2.8,3
5150,"PRIV-ALTO","2",13,"Femenino",3,"alto",6,"no","no","no",1.5999999,3
5151,"PRIV-ALTO","2",14,"Femenino",3,"medio",7,"no","no","no",1.5999999,3
5152,"PRIV-ALTO","2",14,"Femenino",3,"medio",6,"no","sí","no",1.8000002,2
5153,"PRIV-ALTO","2",14,"Femenino",2,"medio",8,"no","sí","no",2,4
5154,"PRIV-ALTO","2",14,"Femenino",3,"medio",5,"no","no","no",2.5999999,3
5155,"PRIV-ALTO","2",14,"Masculino",3,"medio",7,"no","no","no",2.5999999,4
5156,"PRIV-ALTO","2",14,"Masculino",3,"medio",5,"no","no","no",2.8,4
5157,"PRIV-ALTO","2",13,"Masculino",3,"alto",6,"no","no","no",3.2,3
5158,"PRIV-ALTO","2",14,"Femenino",3,"alto",8,"no","no","sí",2.5999999,2
5159,"PRIV-ALTO","2",14,"Femenino",3,"alto",7,"no","sí","no",2.4000001,2
5160,"PRIV-ALTO","2",13,"Femenino",3,"alto",6,"no","no","no",2.4000001,3
5161,"PRIV-ALTO","2",14,"Femenino",3,"alto",8,"no","sí","no",2.5999999,2
5162,"PRIV-ALTO","2",13,"Femenino",3,"medio",7,"no","no","no",3,3
5163,"PRIV-ALTO","2",13,"Masculino",4,"medio",7,"no","sí","no",1.5999999,5
5164,"PRIV-ALTO","2",13,"Masculino",3,"medio",6,"no","no","no",2,4
5165,"PRIV-ALTO","2",13,"Femenino",4,"medio",8,"no","no","no",1.5999999,3
5166,"PRIV-ALTO","2",14,"Masculino",3,"alto",5,"no","sí","no",1.5999999,3
5167,"PRIV-ALTO","2",14,"Masculino",3,"medio",5,NA,"sí","sí",1.4000001,4
5168,"PRIV-ALTO","2",13,"Femenino",2,"medio",5,"no","no","no",2.2,4
5169,"PRIV-ALTO","2",13,"Femenino",3,"bajo",8,"no","no","sí",3.5999999,2
5170,"PRIV-ALTO","2",13,"Masculino",3,"alto",6,"no","sí","no",1,3
5171,"PRIV-ALTO","2",14,"Femenino",2,"alto",7,"no","sí","no",2.5999999,3
5172,"PRIV-ALTO","2",13,"Masculino",3,"medio",6,"no","sí","no",1,1
5173,"PRIV-ALTO","2",13,"Masculino",3,"alto",7,"no","sí","no",1.8000002,5
5174,"PRIV-ALTO","2",13,"Femenino",3,"medio",4,"no","no","sí",2.2,2
5175,"PRIV-ALTO","2",14,"Femenino",3,"medio",8,"no","sí","no",3.4000001,3
5176,"PRIV-ALTO","2",13,"Masculino",4,"medio",3,"no","no","no",1.8000002,3
5177,"PRIV-ALTO","2",14,"Masculino",3,"medio",5,"sí","no","no",2,5
5178,"PRIV-ALTO","2",13,"Femenino",3,"medio",7,"no","no","no",2.8,4
5179,"PRIV-ALTO","2",13,"Femenino",4,"alto",8,"sí","sí","no",2.5999999,4
5180,"PRIV-ALTO","2",13,"Femenino",3,"alto",10,"sí","sí","no",1,5
5181,"PRIV-ALTO","2",14,"Femenino",3,"alto",8,"no","no","no",2,4
6001,"PUBL-MEDIO","1",13,"Femenino",2,"medio",4,"no","sí","sí",1.8000002,2
6002,"PUBL-MEDIO","1",14,"Masculino",3,"alto",7,"no","sí","no",3.2,4
6003,"PUBL-MEDIO","1",12,"Masculino",2,"bajo",7,"sí","no","no",2,3
6004,"PUBL-MEDIO","1",12,"Femenino",2,"alto",8,"sí","sí","no",2.2,3
6005,"PUBL-MEDIO","1",13,"Femenino",3,"medio",5,"no","sí","no",2.2,2
6006,"PUBL-MEDIO","1",13,"Masculino",2,"alto",6,"no","sí","no",1.4000001,4
6007,"PUBL-MEDIO","1",13,"Masculino",3,"medio",8,"no","sí","no",2.5999999,5
6008,"PUBL-MEDIO","1",13,"Masculino",3,"bajo",7,"no","sí","no",2.8,5
6009,"PUBL-MEDIO","1",12,"Masculino",1,"bajo",5,"no","no","no",1.8000002,3
6010,"PUBL-MEDIO","1",13,"Masculino",3,"bajo",8,"no","sí","no",2.4000001,3
6011,"PUBL-MEDIO","1",13,"Masculino",2,"bajo",9,"no","no","no",1,3
6012,"PUBL-MEDIO","1",12,"Masculino",3,"bajo",6,"no","no","no",2.2,3
6013,"PUBL-MEDIO","1",12,"Masculino",3,"medio",6,"no","sí","no",1.4000001,3
6014,"PUBL-MEDIO","1",13,"Femenino",3,"alto",8,"sí","sí","no",3.2,3
6015,"PUBL-MEDIO","1",13,"Femenino",2,"medio",8,"no","no","sí",1,4
6016,"PUBL-MEDIO","1",12,"Femenino",4,"alto",6,"sí","sí","no",2,3
6017,"PUBL-MEDIO","1",12,"Femenino",2,"bajo",8,"sí","no","no",2.2,3
6018,"PUBL-MEDIO","1",12,"Masculino",3,"alto",9,"sí","sí","no",2.4000001,5
6019,"PUBL-MEDIO","1",12,"Femenino",2,"medio",6,"no","no","no",2.2,4
6051,"PUBL-MEDIO","1",12,"Masculino",2,"alto",5,"no","no","sí",3.5999999,4
6052,"PUBL-MEDIO","1",12,"Femenino",3,"bajo",5,"sí","sí","sí",3.2,3
6053,"PUBL-MEDIO","1",12,"Masculino",2,"medio",7,"no","no","no",4.4,2
6054,"PUBL-MEDIO","1",12,"Femenino",2,"alto",4,"no","no","no",4.2,3
6055,"PUBL-MEDIO","1",12,"Femenino",2,"medio",4,"no","no","no",3.4000001,3
6056,"PUBL-MEDIO","1",12,"Femenino",2,"medio",6,"no","sí","sí",2.4000001,4
6057,"PUBL-MEDIO","1",12,"Femenino",3,"bajo",7,"no","sí","no",2.2,3
6058,"PUBL-MEDIO","1",12,"Femenino",2,"bajo",8,"no","no","sí",2.2,2
6059,"PUBL-MEDIO","1",14,"Masculino",2,"medio",5,"no","no","no",2.2,5
6101,"PUBL-MEDIO","1",13,"Masculino",3,"medio",7,"sí","no","no",1.1999998,4
6102,"PUBL-MEDIO","1",13,"Masculino",2,"medio",7,"no","sí","no",2.8,4
6103,"PUBL-MEDIO","1",12,"Masculino",2,"alto",8,"no","no","no",2.8,2
6104,"PUBL-MEDIO","1",12,"Masculino",2,"medio",8,"no","sí","no",3.2,5
6105,"PUBL-MEDIO","1",12,"Masculino",4,"medio",9,"no","no","sí",2.8,5
6106,"PUBL-MEDIO","1",13,"Femenino",3,"bajo",3,"no","sí","no",1.1999998,2
6107,"PUBL-MEDIO","1",13,"Femenino",1,"bajo",8,NA,"no","sí",1.4000001,3
6108,"PUBL-MEDIO","1",13,"Femenino",2,"bajo",5,"no","no","no",3.4000001,2
6109,"PUBL-MEDIO","1",14,"Masculino",2,"medio",4,"sí","no","no",1.8000002,5
6110,"PUBL-MEDIO","1",14,"Femenino",2,"bajo",6,NA,"no","no",4,1
6111,"PUBL-MEDIO","1",12,"Masculino",4,"medio",8,"no","sí","no",2.4000001,4
6112,"PUBL-MEDIO","1",12,"Masculino",2,"bajo",7,"no",NA,"no",2.5999999,4
6113,"PUBL-MEDIO","1",12,"Masculino",1,"alto",8,"no","sí","sí",1.4000001,4
6114,"PUBL-MEDIO","1",13,"Masculino",1,"bajo",6,"no","no","sí",2.8,4
6115,"PUBL-MEDIO","1",12,"Masculino",3,"bajo",3,"sí","no","no",3.2,3
6116,"PUBL-MEDIO","1",12,"Femenino",4,"bajo",5,"no","no","no",3.4000001,5
6117,"PUBL-MEDIO","1",13,"Femenino",3,"medio",10,"sí","sí","no",1.5999999,3
6118,"PUBL-MEDIO","1",13,"Femenino",3,"medio",8,"no","no","sí",2.5999999,2
6119,"PUBL-MEDIO","1",12,"Masculino",2,"bajo",8,"no","sí","no",1,3
6120,"PUBL-MEDIO","1",12,"Masculino",4,"bajo",8,"no","sí","no",2.8,3
6121,"PUBL-MEDIO","1",13,"Masculino",2,"medio",7,"no","sí","no",2.8,4
6122,"PUBL-MEDIO","1",12,"Masculino",1,"medio",7,"no","sí","no",1.1999998,5
6123,"PUBL-MEDIO","1",13,"Femenino",2,"medio",6,"no","no","no",2,5
6124,"PUBL-MEDIO","1",13,"Femenino",4,"medio",8,"sí","no","sí",1.8000002,4
6125,"PUBL-MEDIO","1",12,"Femenino",2,"alto",10,"no","sí","sí",2.4000001,3
6126,"PUBL-MEDIO","1",12,"Masculino",2,"medio",7,"no","sí","sí",2.8,5
6127,"PUBL-MEDIO","1",13,"Masculino",3,"bajo",8,"no","no","sí",2.8,4
6128,"PUBL-MEDIO","1",12,"Masculino",2,"bajo",8,"no","sí","no",1.8000002,3
6129,"PUBL-MEDIO","1",12,"Femenino",4,"bajo",8,"no","no","no",2.2,3
6151,"PUBL-MEDIO","1",12,"Masculino",2,"medio",5,"no","no","no",2.4000001,4
6152,"PUBL-MEDIO","1",12,"Femenino",2,"alto",8,"no","no","no",1.4000001,4
6153,"PUBL-MEDIO","1",13,"Femenino",2,"bajo",6,"no","sí","no",2.2,4
6154,"PUBL-MEDIO","1",12,"Masculino",2,"medio",7,"sí","no","no",1.5999999,4
6155,"PUBL-MEDIO","1",12,"Femenino",2,"alto",7,"no","sí","sí",3.4000001,5
6156,"PUBL-MEDIO","1",12,"Femenino",4,"medio",7,"no","sí","no",2,4
6157,"PUBL-MEDIO","1",12,"Femenino",3,"alto",8,"sí","sí","no",2.4000001,4
6158,"PUBL-MEDIO","1",12,"Femenino",3,"alto",10,"sí","no","no",1.1999998,4
6159,"PUBL-MEDIO","1",13,"Masculino",2,"alto",6,"no","sí","no",2.2,4
6160,"PUBL-MEDIO","1",14,"Femenino",4,"bajo",4,"no","sí","sí",1.5999999,3
6161,"PUBL-MEDIO","1",12,"Masculino",3,"alto",7,"no","no","sí",2.5999999,4
6162,"PUBL-MEDIO","1",13,"Masculino",3,"medio",6,"no","sí","sí",1.4000001,3
6163,"PUBL-MEDIO","1",12,"Femenino",3,"medio",6,"no","sí","sí",2.4000001,4
6164,"PUBL-MEDIO","1",12,"Masculino",3,"alto",5,"no","sí","no",2,3
6165,"PUBL-MEDIO","1",12,"Masculino",3,"alto",6,"sí","sí","no",2,4
6166,"PUBL-MEDIO","1",13,"Masculino",2,"bajo",6,"no","no","no",1.8000002,5
6167,"PUBL-MEDIO","1",13,"Masculino",3,"bajo",6,"no","no","no",2.2,4
6168,"PUBL-MEDIO","1",12,"Masculino",2,"alto",5,"no","no","no",1.1999998,2
6169,"PUBL-MEDIO","1",12,"Femenino",3,"medio",7,"sí","sí","no",1.1999998,3
6201,"PUBL-MEDIO","1",12,"Femenino",3,"medio",6,"no","sí","sí",3.4000001,4
6202,"PUBL-MEDIO","1",12,"Masculino",3,"alto",4,"sí","no","no",2.2,4
6203,"PUBL-MEDIO","1",13,"Femenino",2,"medio",7,"sí","no","no",3.4000001,3
6204,"PUBL-MEDIO","1",12,"Femenino",1,"medio",7,"no","sí","sí",1.8000002,2
6205,"PUBL-MEDIO","1",12,"Femenino",2,"bajo",4,"no","no","sí",1.5999999,1
6206,"PUBL-MEDIO","1",13,"Masculino",2,"bajo",8,"no","sí","no",1.5999999,5
6207,"PUBL-MEDIO","1",12,"Femenino",2,"medio",5,"sí","no","no",3.5999999,3
6208,"PUBL-MEDIO","1",13,"Masculino",2,"medio",4,"no","no","no",2,4
6209,"PUBL-MEDIO","1",12,"Femenino",3,"bajo",3,"sí","sí","sí",1.1999998,4
6210,"PUBL-MEDIO","1",12,"Femenino",2,"medio",7,"no","no","no",2.4000001,3
6211,"PUBL-MEDIO","1",12,"Masculino",2,"medio",8,"no","sí","no",1.5999999,4
6212,"PUBL-MEDIO","1",13,"Femenino",2,"alto",5,"no","sí","sí",3.4000001,4
6213,"PUBL-MEDIO","1",13,"Femenino",1,"alto",8,"no","sí","sí",3,3
6214,"PUBL-MEDIO","1",13,"Masculino",2,"bajo",7,"sí","sí","no",2.2,3
6215,"PUBL-MEDIO","1",13,"Masculino",2,"medio",7,"no","no","no",1.5999999,5
6216,"PUBL-MEDIO","1",13,"Masculino",4,"medio",5,"no","no","no",1.1999998,3
6251,"PUBL-MEDIO","1",12,"Femenino",2,"alto",8,"no","sí","sí",2.5999999,4
6252,"PUBL-MEDIO","1",12,"Femenino",1,"alto",8,"sí","no","no",2.8,3
6253,"PUBL-MEDIO","1",13,"Masculino",4,"bajo",8,"no","sí","sí",2,5
6254,"PUBL-MEDIO","1",13,"Femenino",3,"alto",9,"sí","no","no",2.2,3
6255,"PUBL-MEDIO","1",12,"Femenino",3,"medio",9,"no","sí","sí",3,2
6256,"PUBL-MEDIO","1",15,"Masculino",2,"medio",6,"no","sí","no",1,4
6257,"PUBL-MEDIO","1",13,"Femenino",2,"alto",8,"no","sí","no",2.5999999,4
6258,"PUBL-MEDIO","1",13,"Femenino",2,"medio",9,"no","sí","sí",2.5999999,3
6259,"PUBL-MEDIO","1",16,"Femenino",3,"alto",8,"no","sí","no",2.4000001,5
6260,"PUBL-MEDIO","1",12,"Femenino",2,"bajo",5,"no","sí","no",1.4000001,5
6261,"PUBL-MEDIO","1",13,"Femenino",2,"medio",1,"no","sí","sí",2.5999999,2
6262,"PUBL-MEDIO","1",13,"Masculino",2,"medio",5,"no","sí","sí",2,3
6263,"PUBL-MEDIO","1",12,"Femenino",2,"bajo",4,"no","no","no",2.2,4
6264,"PUBL-MEDIO","1",14,"Masculino",2,"alto",9,"no","sí","no",2,4
6265,"PUBL-MEDIO","1",12,"Femenino",2,"alto",8,"no","no","no",1.4000001,5
6266,"PUBL-MEDIO","1",13,"Femenino",4,"medio",5,"sí","no","no",2,3
6267,"PUBL-MEDIO","1",12,"Femenino",4,"medio",5,"no","sí","sí",2.2,3
6268,"PUBL-MEDIO","1",12,"Femenino",2,"bajo",3,"no","no","no",2.4000001,3
6269,"PUBL-MEDIO","1",12,"Masculino",2,"medio",6,"sí","sí","no",1.8000002,5
6270,"PUBL-MEDIO","1",12,"Masculino",3,"bajo",8,"no","no","sí",2.4000001,3
6271,"PUBL-MEDIO","1",12,"Masculino",3,"medio",7,"sí","no","no",2.5999999,4
6272,"PUBL-MEDIO","1",13,"Masculino",2,"alto",10,"no","no","no",2.5999999,3
6273,"PUBL-MEDIO","1",13,"Masculino",4,"alto",5,"no","sí","no",1.8000002,4
6274,"PUBL-MEDIO","1",12,"Femenino",3,"alto",6,"sí","no","no",2.4000001,5
6275,"PUBL-MEDIO","1",12,"Femenino",4,"medio",5,"sí","no","sí",2.2,3
6276,"PUBL-MEDIO","1",15,"Masculino",2,"bajo",5,"no","no","no",2.2,4
6277,"PUBL-MEDIO","1",12,"Masculino",3,"alto",8,"no","no","no",3,3
6278,"PUBL-MEDIO","1",12,"Masculino",2,"medio",6,"sí","no","no",1.4000001,5
6301,"PUBL-MEDIO","2",14,"Femenino",1,"medio",7,"no","no","sí",1.8000002,4
6302,"PUBL-MEDIO","2",13,"Masculino",3,"medio",7,NA,"no","no",1,5
6303,"PUBL-MEDIO","2",15,"Masculino",1,"alto",8,"sí","sí","no",1,5
6304,"PUBL-MEDIO","2",14,"Femenino",2,"alto",7,"no","sí","no",3.8,3
6305,"PUBL-MEDIO","2",14,"Femenino",2,"medio",7,"sí","sí","sí",2.2,4
6306,"PUBL-MEDIO","2",15,"Masculino",4,"medio",6,NA,"sí","no",2.4000001,5
6307,"PUBL-MEDIO","2",14,"Masculino",2,"medio",8,NA,"sí","no",2,5
6308,"PUBL-MEDIO","2",14,"Otro",2,"bajo",5,"no","sí","sí",3.2,2
6309,"PUBL-MEDIO","2",14,"Masculino",2,"alto",6,"sí","no","no",3.2,4
6310,"PUBL-MEDIO","2",13,"Femenino",3,"medio",8,"no","no","sí",2,3
6311,"PUBL-MEDIO","2",13,"Masculino",2,"bajo",6,"no","no","no",3.2,4
6312,"PUBL-MEDIO","2",13,"Masculino",2,"medio",7,"no","sí","no",3,5
6313,"PUBL-MEDIO","2",13,"Femenino",2,"bajo",5,NA,"no","sí",1.5999999,5
6314,"PUBL-MEDIO","2",13,"Femenino",3,"bajo",5,"no","sí","sí",1.8000002,4
6315,"PUBL-MEDIO","2",14,"Masculino",3,"alto",7,NA,"no","no",1,3
6316,"PUBL-MEDIO","2",14,"Femenino",3,"alto",8,"no","no","no",2.5999999,3
6317,"PUBL-MEDIO","2",14,"Femenino",2,"medio",7,"no","no","no",2.5999999,3
6318,"PUBL-MEDIO","2",14,"Femenino",4,"medio",5,"no","sí","no",2.2,3
6319,"PUBL-MEDIO","2",13,"Femenino",3,"bajo",5,"no","no","no",2.8,2
6320,"PUBL-MEDIO","2",13,"Masculino",2,"alto",9,"no","sí","no",2.2,3
6321,"PUBL-MEDIO","2",15,"Masculino",2,"medio",4,"no","sí","no",1.5999999,5
6322,"PUBL-MEDIO","2",14,"Masculino",3,"medio",4,"sí","no","no",1,5
6323,"PUBL-MEDIO","2",14,"Femenino",3,"alto",6,"no","sí","no",1.8000002,4
6324,"PUBL-MEDIO","2",14,"Femenino",3,"medio",6,"no","no","no",2.5999999,5
6351,"PUBL-MEDIO","2",13,"Femenino",2,"medio",7,"no","no","no",2.8,2
6352,"PUBL-MEDIO","2",13,"Femenino",2,"medio",4,"no","sí","no",3,3
6353,"PUBL-MEDIO","2",13,"Masculino",2,"medio",3,"no","no","no",3,4
6354,"PUBL-MEDIO","2",14,"Masculino",3,"medio",6,"no","no","no",3,3
6355,"PUBL-MEDIO","2",15,"Masculino",3,"alto",8,"no","sí","no",4,5
6356,"PUBL-MEDIO","2",14,"Masculino",4,"alto",7,"no","no","no",3.4000001,3
6357,"PUBL-MEDIO","2",14,"Otro",2,"medio",6,"no","no","sí",3.5999999,1
6358,"PUBL-MEDIO","2",13,"Femenino",2,"bajo",5,"no","sí","no",4.4,3
6359,"PUBL-MEDIO","2",13,"Femenino",4,"medio",7,"no","no","no",3,5
6360,"PUBL-MEDIO","2",13,"Femenino",3,"medio",5,"no","no","sí",3,2
6361,"PUBL-MEDIO","2",13,"Femenino",2,"medio",4,"no","sí","no",2.8,2
6362,"PUBL-MEDIO","2",14,"Femenino",2,"bajo",5,"sí","no","no",1.4000001,2
6363,"PUBL-MEDIO","2",13,"Masculino",2,"medio",8,"no","no","no",1.5999999,5
6364,"PUBL-MEDIO","2",13,"Femenino",3,"medio",8,"no","sí","no",3.8,1
6365,"PUBL-MEDIO","2",13,"Masculino",1,"bajo",5,"no","no","no",3.5999999,4
6366,"PUBL-MEDIO","2",13,"Masculino",3,"medio",5,"no","sí","sí",3.8,4
6367,"PUBL-MEDIO","2",14,"Masculino",1,"alto",10,"no","sí","sí",1,5
6368,"PUBL-MEDIO","2",14,"Femenino",3,"alto",5,"no","sí","no",4,5
6369,"PUBL-MEDIO","2",14,"Femenino",4,"bajo",5,"no","sí","sí",2,3
6370,"PUBL-MEDIO","2",14,"Femenino",4,"medio",5,"no","no","no",3,2
6371,"PUBL-MEDIO","2",13,"Femenino",4,"medio",4,"no","no","sí",2.2,4
6372,"PUBL-MEDIO","2",13,"Femenino",2,"bajo",5,"no","sí","sí",3.5999999,2
6373,"PUBL-MEDIO","2",14,"Femenino",2,"bajo",7,"no","no","sí",3.5999999,3
6401,"PUBL-MEDIO","2",13,"Masculino",3,"medio",4,"no","no","sí",3.8,5
6402,"PUBL-MEDIO","2",13,"Femenino",2,"bajo",7,"no","sí","no",4.4,5
6403,"PUBL-MEDIO","2",14,"Masculino",3,"alto",6,"no","sí","sí",3,2
6404,"PUBL-MEDIO","2",13,"Masculino",3,"alto",8,"no","sí","no",3.4000001,4
6405,"PUBL-MEDIO","2",14,"Femenino",2,"bajo",6,"no","sí","sí",2.5999999,1
6406,"PUBL-MEDIO","2",14,"Masculino",2,"medio",7,"no","sí","no",2.4000001,5
6407,"PUBL-MEDIO","2",15,"Masculino",2,"medio",7,"no","sí","no",2.2,5
6408,"PUBL-MEDIO","2",13,"Femenino",3,"medio",8,"no","sí","no",3,3
6409,"PUBL-MEDIO","2",14,"Masculino",2,"medio",6,"no","no","no",2,4
6410,"PUBL-MEDIO","2",13,"Femenino",3,"medio",6,"no","no","no",2,5
6411,"PUBL-MEDIO","2",14,"Femenino",2,"medio",8,"no","sí","sí",2.2,3
6412,"PUBL-MEDIO","2",13,"Masculino",2,"bajo",3,"no","sí","sí",1.8000002,4
6413,"PUBL-MEDIO","2",13,"Masculino",3,"medio",8,"no","sí","no",2.5999999,3
6414,"PUBL-MEDIO","2",14,"Femenino",2,"medio",4,"no","sí","no",2.8,3
6415,"PUBL-MEDIO","2",15,"Femenino",1,"bajo",7,"no","no","no",2.2,1
6416,"PUBL-MEDIO","2",14,"Femenino",3,"alto",7,"no","no","sí",2.4000001,3
6417,"PUBL-MEDIO","2",13,"Masculino",2,"medio",5,"sí","sí","no",2.2,4
6418,"PUBL-MEDIO","2",14,"Masculino",4,"medio",7,"no","sí","no",3.8,4
6419,"PUBL-MEDIO","2",14,"Femenino",4,"bajo",6,"sí","no","sí",2.4000001,3
6420,"PUBL-MEDIO","2",13,"Femenino",4,"medio",6,"no","no","no",2,2
6421,"PUBL-MEDIO","2",15,"Femenino",4,"bajo",8,"no","sí","no",2.2,2
6451,"PUBL-MEDIO","2",15,"Femenino",3,"medio",8,"no","sí","no",2.2,4
6452,"PUBL-MEDIO","2",15,"Femenino",2,"bajo",6,"no","no","sí",1.8000002,3
6453,"PUBL-MEDIO","2",15,"Femenino",2,"bajo",8,"no","sí","sí",1.8000002,3
6454,"PUBL-MEDIO","2",13,"Masculino",3,"alto",9,"no","sí","no",3.2,4
6455,"PUBL-MEDIO","2",14,"Masculino",2,"medio",5,"no","sí","sí",2.2,3
6456,"PUBL-MEDIO","2",13,"Otro",2,"medio",5,"no","no","sí",2.8,2
6457,"PUBL-MEDIO","2",14,"Femenino",2,"bajo",6,"no","no","sí",2.8,2
6458,"PUBL-MEDIO","2",14,"Femenino",2,"bajo",6,"no","sí","no",2.2,3
6459,"PUBL-MEDIO","2",13,"Femenino",1,"medio",6,"no","sí","no",2,3
6460,"PUBL-MEDIO","2",16,"Masculino",2,"bajo",5,"no","sí","sí",3.4000001,2
6461,"PUBL-MEDIO","2",15,"Masculino",2,"medio",5,"no","sí","no",2.5999999,4
6462,"PUBL-MEDIO","2",13,"Masculino",2,"bajo",5,"no","sí","sí",2.4000001,5
6463,"PUBL-MEDIO","2",15,"Masculino",2,"medio",10,"no","sí","no",2.4000001,4
6464,"PUBL-MEDIO","2",14,"Femenino",4,"medio",9,"no","no","sí",2.8,2
6465,"PUBL-MEDIO","2",14,"Femenino",3,"bajo",3,"sí","sí","no",1,4
6466,"PUBL-MEDIO","2",14,"Masculino",3,"alto",8,"sí","sí","no",2.8,5
6467,"PUBL-MEDIO","2",13,"Masculino",2,"alto",9,"no","sí","no",5,4
6468,"PUBL-MEDIO","2",13,"Femenino",2,"alto",6,"no","no","no",1.5999999,2
6469,"PUBL-MEDIO","2",16,"Masculino",1,"medio",7,"no","sí","sí",3.2,3
6470,"PUBL-MEDIO","2",15,"Masculino",2,"alto",8,"sí","no","no",2.2,5
6471,"PUBL-MEDIO","2",13,"Femenino",4,"bajo",6,"no","sí","no",2.4000001,3
6472,"PUBL-MEDIO","2",15,"Femenino",1,"medio",7,NA,"sí","sí",1.4000001,1
6473,"PUBL-MEDIO","2",13,"Femenino",4,"medio",6,"no","sí","no",2.4000001,3
6474,"PUBL-MEDIO","2",13,"Masculino",3,"medio",8,"no","no","no",3,3
6475,"PUBL-MEDIO","2",13,"Femenino",2,"medio",5,"no","no","sí",2,1
6476,"PUBL-MEDIO","2",14,"Masculino",2,"alto",5,"no","no","no",2.5999999,3
6477,"PUBL-MEDIO","2",15,"Masculino",4,"medio",10,"no","no","no",2.2,3
